Workbook

Sheet Summary
A1: Does a senior backend loop in India still include DSA? (Oct 2024 to Oct 2026)
A2: All counts are live formulas over the Loops sheet. "Counted" = after same-author, same-company dedupe. Share = Yes / (Yes + No); Unclear rows are left out of the share.
A4: Slice | B4: Loops | C4: DSA yes | D4: DSA no | E4: Unclear | F4: DSA share | G4: Read this as
A5: All loops (headline) | B5: =COUNTIFS(Loops!$Z$2:$Z$108,"Y") -> 104 | C5: =COUNTIFS(Loops!$Z$2:$Z$108,"Y",Loops!$K$2:$K$108,"Yes") -> 90 | D5: =COUNTIFS(Loops!$Z$2:$Z$108,"Y",Loops!$K$2:$K$108,"No") -> 8 | E5: =COUNTIFS(Loops!$Z$2:$Z$108,"Y",Loops!$K$2:$K$108,"Unclear") -> 6 | F5: =IF(C5+D5=0,"",C5/(C5+D5)) -> 0.91836735 | G5: Everything kept
A6: Complete loops only | B6: =COUNTIFS(Loops!$Z$2:$Z$108,"Y",Loops!$X$2:$X$108,"N") -> 84 | C6: =COUNTIFS(Loops!$Z$2:$Z$108,"Y",Loops!$X$2:$X$108,"N",Loops!$K$2:$K$108,"Yes") -> 70 | D6: =COUNTIFS(Loops!$Z$2:$Z$108,"Y",Loops!$X$2:$X$108,"N",Loops!$K$2:$K$108,"No") -> 8 | E6: =COUNTIFS(Loops!$Z$2:$Z$108,"Y",Loops!$X$2:$X$108,"N",Loops!$K$2:$K$108,"Unclear") -> 6 | F6: =IF(C6+D6=0,"",C6/(C6+D6)) -> 0.8974359 | G6: Most honest number: partial loops were kept only if DSA showed up
A7: Partial loops | B7: =COUNTIFS(Loops!$Z$2:$Z$108,"Y",Loops!$X$2:$X$108,"Y") -> 20 | C7: =COUNTIFS(Loops!$Z$2:$Z$108,"Y",Loops!$X$2:$X$108,"Y",Loops!$K$2:$K$108,"Yes") -> 20 | D7: =COUNTIFS(Loops!$Z$2:$Z$108,"Y",Loops!$X$2:$X$108,"Y",Loops!$K$2:$K$108,"No") -> 0 | E7: =COUNTIFS(Loops!$Z$2:$Z$108,"Y",Loops!$X$2:$X$108,"Y",Loops!$K$2:$K$108,"Unclear") -> 0 | F7: =IF(C7+D7=0,"",C7/(C7+D7)) -> 1 | G7: 100% by rule, not a finding
A8: YoE <6 with senior title | B8: =COUNTIFS(Loops!$Z$2:$Z$108,"Y",Loops!$E$2:$E$108,"=<6") -> 16 | C8: =COUNTIFS(Loops!$Z$2:$Z$108,"Y",Loops!$E$2:$E$108,"=<6",Loops!$K$2:$K$108,"Yes") -> 16 | D8: =COUNTIFS(Loops!$Z$2:$Z$108,"Y",Loops!$E$2:$E$108,"=<6",Loops!$K$2:$K$108,"No") -> 0 | E8: =COUNTIFS(Loops!$Z$2:$Z$108,"Y",Loops!$E$2:$E$108,"=<6",Loops!$K$2:$K$108,"Unclear") -> 0 | F8: =IF(C8+D8=0,"",C8/(C8+D8)) -> 1
A9: YoE 6-7 | B9: =COUNTIFS(Loops!$Z$2:$Z$108,"Y",Loops!$E$2:$E$108,"6-7") -> 28 | C9: =COUNTIFS(Loops!$Z$2:$Z$108,"Y",Loops!$E$2:$E$108,"6-7",Loops!$K$2:$K$108,"Yes") -> 26 | D9: =COUNTIFS(Loops!$Z$2:$Z$108,"Y",Loops!$E$2:$E$108,"6-7",Loops!$K$2:$K$108,"No") -> 2 | E9: =COUNTIFS(Loops!$Z$2:$Z$108,"Y",Loops!$E$2:$E$108,"6-7",Loops!$K$2:$K$108,"Unclear") -> 0 | F9: =IF(C9+D9=0,"",C9/(C9+D9)) -> 0.92857143
A10: YoE 8-10 | B10: =COUNTIFS(Loops!$Z$2:$Z$108,"Y",Loops!$E$2:$E$108,"8-10") -> 11 | C10: =COUNTIFS(Loops!$Z$2:$Z$108,"Y",Loops!$E$2:$E$108,"8-10",Loops!$K$2:$K$108,"Yes") -> 9 | D10: =COUNTIFS(Loops!$Z$2:$Z$108,"Y",Loops!$E$2:$E$108,"8-10",Loops!$K$2:$K$108,"No") -> 2 | E10: =COUNTIFS(Loops!$Z$2:$Z$108,"Y",Loops!$E$2:$E$108,"8-10",Loops!$K$2:$K$108,"Unclear") -> 0 | F10: =IF(C10+D10=0,"",C10/(C10+D10)) -> 0.81818182 | G10: Closest band to you (12 yrs); small sample
A11: YoE 11+ | B11: =COUNTIFS(Loops!$Z$2:$Z$108,"Y",Loops!$E$2:$E$108,"11+") -> 2 | C11: =COUNTIFS(Loops!$Z$2:$Z$108,"Y",Loops!$E$2:$E$108,"11+",Loops!$K$2:$K$108,"Yes") -> 2 | D11: =COUNTIFS(Loops!$Z$2:$Z$108,"Y",Loops!$E$2:$E$108,"11+",Loops!$K$2:$K$108,"No") -> 0 | E11: =COUNTIFS(Loops!$Z$2:$Z$108,"Y",Loops!$E$2:$E$108,"11+",Loops!$K$2:$K$108,"Unclear") -> 0 | F11: =IF(C11+D11=0,"",C11/(C11+D11)) -> 1 | G11: Tiny sample
A12: YoE not stated | B12: =COUNTIFS(Loops!$Z$2:$Z$108,"Y",Loops!$E$2:$E$108,"not stated") -> 47 | C12: =COUNTIFS(Loops!$Z$2:$Z$108,"Y",Loops!$E$2:$E$108,"not stated",Loops!$K$2:$K$108,"Yes") -> 37 | D12: =COUNTIFS(Loops!$Z$2:$Z$108,"Y",Loops!$E$2:$E$108,"not stated",Loops!$K$2:$K$108,"No") -> 4 | E12: =COUNTIFS(Loops!$Z$2:$Z$108,"Y",Loops!$E$2:$E$108,"not stated",Loops!$K$2:$K$108,"Unclear") -> 6 | F12: =IF(C12+D12=0,"",C12/(C12+D12)) -> 0.90243902
A13: Year 2024-25 | B13: =COUNTIFS(Loops!$Z$2:$Z$108,"Y",Loops!$H$2:$H$108,"2024-25") -> 79 | C13: =COUNTIFS(Loops!$Z$2:$Z$108,"Y",Loops!$H$2:$H$108,"2024-25",Loops!$K$2:$K$108,"Yes") -> 68 | D13: =COUNTIFS(Loops!$Z$2:$Z$108,"Y",Loops!$H$2:$H$108,"2024-25",Loops!$K$2:$K$108,"No") -> 6 | E13: =COUNTIFS(Loops!$Z$2:$Z$108,"Y",Loops!$H$2:$H$108,"2024-25",Loops!$K$2:$K$108,"Unclear") -> 5 | F13: =IF(C13+D13=0,"",C13/(C13+D13)) -> 0.91891892
A14: Year 2026 | B14: =COUNTIFS(Loops!$Z$2:$Z$108,"Y",Loops!$H$2:$H$108,"2026") -> 25 | C14: =COUNTIFS(Loops!$Z$2:$Z$108,"Y",Loops!$H$2:$H$108,"2026",Loops!$K$2:$K$108,"Yes") -> 22 | D14: =COUNTIFS(Loops!$Z$2:$Z$108,"Y",Loops!$H$2:$H$108,"2026",Loops!$K$2:$K$108,"No") -> 2 | E14: =COUNTIFS(Loops!$Z$2:$Z$108,"Y",Loops!$H$2:$H$108,"2026",Loops!$K$2:$K$108,"Unclear") -> 1 | F14: =IF(C14+D14=0,"",C14/(C14+D14)) -> 0.91666667 | G14: AI era check
A15: Year 2026, complete loops | B15: =COUNTIFS(Loops!$Z$2:$Z$108,"Y",Loops!$H$2:$H$108,"2026",Loops!$X$2:$X$108,"N") -> 22 | C15: =COUNTIFS(Loops!$Z$2:$Z$108,"Y",Loops!$H$2:$H$108,"2026",Loops!$X$2:$X$108,"N",Loops!$K$2:$K$108,"Yes") -> 19 | D15: =COUNTIFS(Loops!$Z$2:$Z$108,"Y",Loops!$H$2:$H$108,"2026",Loops!$X$2:$X$108,"N",Loops!$K$2:$K$108,"No") -> 2 | E15: =COUNTIFS(Loops!$Z$2:$Z$108,"Y",Loops!$H$2:$H$108,"2026",Loops!$X$2:$X$108,"N",Loops!$K$2:$K$108,"Unclear") -> 1 | F15: =IF(C15+D15=0,"",C15/(C15+D15)) -> 0.9047619 | G15: AI era, unbiased slice
A16: Source: LeetCode | B16: =COUNTIFS(Loops!$Z$2:$Z$108,"Y",Loops!$I$2:$I$108,"LeetCode") -> 72 | C16: =COUNTIFS(Loops!$Z$2:$Z$108,"Y",Loops!$I$2:$I$108,"LeetCode",Loops!$K$2:$K$108,"Yes") -> 65 | D16: =COUNTIFS(Loops!$Z$2:$Z$108,"Y",Loops!$I$2:$I$108,"LeetCode",Loops!$K$2:$K$108,"No") -> 7 | E16: =COUNTIFS(Loops!$Z$2:$Z$108,"Y",Loops!$I$2:$I$108,"LeetCode",Loops!$K$2:$K$108,"Unclear") -> 0 | F16: =IF(C16+D16=0,"",C16/(C16+D16)) -> 0.90277778 | G16: Self-selected DSA crowd?
A17: Source: Taro + Glassdoor | B17: =COUNTIFS(Loops!$Z$2:$Z$108,"Y",Loops!$I$2:$I$108,"<>LeetCode") -> 32 | C17: =COUNTIFS(Loops!$Z$2:$Z$108,"Y",Loops!$I$2:$I$108,"<>LeetCode",Loops!$K$2:$K$108,"Yes") -> 25 | D17: =COUNTIFS(Loops!$Z$2:$Z$108,"Y",Loops!$I$2:$I$108,"<>LeetCode",Loops!$K$2:$K$108,"No") -> 1 | E17: =COUNTIFS(Loops!$Z$2:$Z$108,"Y",Loops!$I$2:$I$108,"<>LeetCode",Loops!$K$2:$K$108,"Unclear") -> 6 | F17: =IF(C17+D17=0,"",C17/(C17+D17)) -> 0.96153846 | G17: Different crowd, bias check
A18: YoE 8+ (8-10 plus 11+) | B18: =B10+B11 -> 13 | C18: =C10+C11 -> 11 | D18: =D10+D11 -> 2 | E18: =E10+E11 -> 0 | F18: =IF(C18+D18=0,"",C18/(C18+D18)) -> 0.84615385 | G18: Your band
A20: Where the interview time goes (complete loops with a clear DSA answer)
A21: Round type | B21: Rounds | C21: Share of all rounds | D21: Loops with it | E21: Share of loops
A22: DSA (incl. OA) | B22: =SUMIFS(Loops!$L$2:$L$108,Loops!$Z$2:$Z$108,"Y",Loops!$X$2:$X$108,"N",Loops!$K$2:$K$108,"<>Unclear") -> 122 | C22: =B22/B32 -> 0.31524548 | D22: =COUNTIFS(Loops!$Z$2:$Z$108,"Y",Loops!$X$2:$X$108,"N",Loops!$K$2:$K$108,"<>Unclear",Loops!$L$2:$L$108,">0") -> 70 | E22: =D22/COUNTIFS(Loops!$Z$2:$Z$108,"Y",Loops!$X$2:$X$108,"N",Loops!$K$2:$K$108,"<>Unclear") -> 0.8974359
A23: HLD / system design | B23: =SUMIFS(Loops!$P$2:$P$108,Loops!$Z$2:$Z$108,"Y",Loops!$X$2:$X$108,"N",Loops!$K$2:$K$108,"<>Unclear") -> 72 | C23: =B23/B32 -> 0.18604651 | D23: =COUNTIFS(Loops!$Z$2:$Z$108,"Y",Loops!$X$2:$X$108,"N",Loops!$K$2:$K$108,"<>Unclear",Loops!$P$2:$P$108,">0") -> 63 | E23: =D23/COUNTIFS(Loops!$Z$2:$Z$108,"Y",Loops!$X$2:$X$108,"N",Loops!$K$2:$K$108,"<>Unclear") -> 0.80769231
A24: HM / behavioral | B24: =SUMIFS(Loops!$V$2:$V$108,Loops!$Z$2:$Z$108,"Y",Loops!$X$2:$X$108,"N",Loops!$K$2:$K$108,"<>Unclear") -> 59 | C24: =B24/B32 -> 0.15245478 | D24: =COUNTIFS(Loops!$Z$2:$Z$108,"Y",Loops!$X$2:$X$108,"N",Loops!$K$2:$K$108,"<>Unclear",Loops!$V$2:$V$108,">0") -> 51 | E24: =D24/COUNTIFS(Loops!$Z$2:$Z$108,"Y",Loops!$X$2:$X$108,"N",Loops!$K$2:$K$108,"<>Unclear") -> 0.65384615
A25: Project deep-dive | B25: =SUMIFS(Loops!$S$2:$S$108,Loops!$Z$2:$Z$108,"Y",Loops!$X$2:$X$108,"N",Loops!$K$2:$K$108,"<>Unclear") -> 44 | C25: =B25/B32 -> 0.11369509 | D25: =COUNTIFS(Loops!$Z$2:$Z$108,"Y",Loops!$X$2:$X$108,"N",Loops!$K$2:$K$108,"<>Unclear",Loops!$S$2:$S$108,">0") -> 43 | E25: =D25/COUNTIFS(Loops!$Z$2:$Z$108,"Y",Loops!$X$2:$X$108,"N",Loops!$K$2:$K$108,"<>Unclear") -> 0.55128205
A26: LLD | B26: =SUMIFS(Loops!$O$2:$O$108,Loops!$Z$2:$Z$108,"Y",Loops!$X$2:$X$108,"N",Loops!$K$2:$K$108,"<>Unclear") -> 33 | C26: =B26/B32 -> 0.085271318 | D26: =COUNTIFS(Loops!$Z$2:$Z$108,"Y",Loops!$X$2:$X$108,"N",Loops!$K$2:$K$108,"<>Unclear",Loops!$O$2:$O$108,">0") -> 32 | E26: =D26/COUNTIFS(Loops!$Z$2:$Z$108,"Y",Loops!$X$2:$X$108,"N",Loops!$K$2:$K$108,"<>Unclear") -> 0.41025641
A27: Lang / CS fundamentals | B27: =SUMIFS(Loops!$U$2:$U$108,Loops!$Z$2:$Z$108,"Y",Loops!$X$2:$X$108,"N",Loops!$K$2:$K$108,"<>Unclear") -> 25 | C27: =B27/B32 -> 0.064599483 | D27: =COUNTIFS(Loops!$Z$2:$Z$108,"Y",Loops!$X$2:$X$108,"N",Loops!$K$2:$K$108,"<>Unclear",Loops!$U$2:$U$108,">0") -> 23 | E27: =D27/COUNTIFS(Loops!$Z$2:$Z$108,"Y",Loops!$X$2:$X$108,"N",Loops!$K$2:$K$108,"<>Unclear") -> 0.29487179
A28: Machine coding | B28: =SUMIFS(Loops!$N$2:$N$108,Loops!$Z$2:$Z$108,"Y",Loops!$X$2:$X$108,"N",Loops!$K$2:$K$108,"<>Unclear") -> 19 | C28: =B28/B32 -> 0.049095607 | D28: =COUNTIFS(Loops!$Z$2:$Z$108,"Y",Loops!$X$2:$X$108,"N",Loops!$K$2:$K$108,"<>Unclear",Loops!$N$2:$N$108,">0") -> 18 | E28: =D28/COUNTIFS(Loops!$Z$2:$Z$108,"Y",Loops!$X$2:$X$108,"N",Loops!$K$2:$K$108,"<>Unclear") -> 0.23076923
A29: AI concepts | B29: =SUMIFS(Loops!$R$2:$R$108,Loops!$Z$2:$Z$108,"Y",Loops!$X$2:$X$108,"N",Loops!$K$2:$K$108,"<>Unclear") -> 6 | C29: =B29/B32 -> 0.015503876 | D29: =COUNTIFS(Loops!$Z$2:$Z$108,"Y",Loops!$X$2:$X$108,"N",Loops!$K$2:$K$108,"<>Unclear",Loops!$R$2:$R$108,">0") -> 6 | E29: =D29/COUNTIFS(Loops!$Z$2:$Z$108,"Y",Loops!$X$2:$X$108,"N",Loops!$K$2:$K$108,"<>Unclear") -> 0.076923077
A30: Code review / debug | B30: =SUMIFS(Loops!$T$2:$T$108,Loops!$Z$2:$Z$108,"Y",Loops!$X$2:$X$108,"N",Loops!$K$2:$K$108,"<>Unclear") -> 5 | C30: =B30/B32 -> 0.012919897 | D30: =COUNTIFS(Loops!$Z$2:$Z$108,"Y",Loops!$X$2:$X$108,"N",Loops!$K$2:$K$108,"<>Unclear",Loops!$T$2:$T$108,">0") -> 5 | E30: =D30/COUNTIFS(Loops!$Z$2:$Z$108,"Y",Loops!$X$2:$X$108,"N",Loops!$K$2:$K$108,"<>Unclear") -> 0.064102564
A31: AI-assisted coding | B31: =SUMIFS(Loops!$Q$2:$Q$108,Loops!$Z$2:$Z$108,"Y",Loops!$X$2:$X$108,"N",Loops!$K$2:$K$108,"<>Unclear") -> 2 | C31: =B31/B32 -> 0.0051679587 | D31: =COUNTIFS(Loops!$Z$2:$Z$108,"Y",Loops!$X$2:$X$108,"N",Loops!$K$2:$K$108,"<>Unclear",Loops!$Q$2:$Q$108,">0") -> 2 | E31: =D31/COUNTIFS(Loops!$Z$2:$Z$108,"Y",Loops!$X$2:$X$108,"N",Loops!$K$2:$K$108,"<>Unclear") -> 0.025641026
A32: Total rounds | B32: =SUM(B22:B31) -> 387 | D32: =COUNTIFS(Loops!$Z$2:$Z$108,"Y",Loops!$X$2:$X$108,"N",Loops!$K$2:$K$108,"<>Unclear") -> 78 | E32: (loops in this block)
A34: Compare with the plan
A35: DSA hours in plan | B35: 117.5 | C35: Source: Phase1_Master_Plan_v3.3.md (hours table). Blue = typed-in input.
A36: Total plan hours | B36: 558
A37: DSA share of plan hours | B37: =B35/B36 -> 0.21057348
A38: DSA share of interview rounds | B38: =C22 -> 0.31524548

Sheet Loops
A1: # | B1: Company | C1: Title / level | D1: YoE | E1: YoE band | F1: Location | G1: Date | H1: Year group | I1: Source | J1: Link | K1: DSA asked? | L1: DSA rounds | M1: DSA difficulty | N1: Machine coding | O1: LLD | P1: HLD | Q1: AI-assisted coding | R1: AI concepts | S1: Project deep-dive | T1: Code review / debug | U1: Lang / CS fundamentals | V1: HM / behavioral | W1: Rounds counted | X1: Partial loop? | Y1: Same-author tag | Z1: Counted (dedup)? | AA1: Outcome | AB1: Note
A2: 1 | B2: Nutanix | C2: SMTS | E2: =IF(D2="","not stated",IF(D2<6,"<6",IF(D2<8,"6-7",IF(D2<11,"8-10","11+")))) -> not stated | F2: Bengaluru | G2: 2026-08 | H2: =IF(LEFT(G2,4)="2026","2026","2024-25") -> 2026 | I2: Glassdoor | J2: https://www.glassdoor.com/Interview/Nutanix-Interview-Questions-E429159.htm#SMTS-2026-08-04 | K2: =IF(ISNUMBER(L2),IF(L2>0,"Yes","No"),"Unclear") -> Unclear | L2: unclear | M2: not stated | N2: 0 | O2: 0 | P2: 1 | Q2: 0 | R2: 0 | S2: 0 | T2: 0 | U2: 0 | V2: 1 | W2: =IF(ISNUMBER(L2),L2+SUM(N2:V2),"") | X2: N | Z2: Y | AA2: accepted
A3: 2 | B3: Uber | C3: Senior SE | E3: =IF(D3="","not stated",IF(D3<6,"<6",IF(D3<8,"6-7",IF(D3<11,"8-10","11+")))) -> not stated | F3: Bengaluru | G3: 2026-06 | H3: =IF(LEFT(G3,4)="2026","2026","2024-25") -> 2026 | I3: Glassdoor | J3: https://www.glassdoor.co.in/Interview/Uber-Senior-Software-Engineer-Interview-Questions-EI_IE575263.0,4_KO5,29.htm#2026-06-02 | K3: =IF(ISNUMBER(L3),IF(L3>0,"Yes","No"),"Unclear") -> Yes | L3: 1 | M3: not stated | N3: 0 | O3: 0 | P3: 0 | Q3: 0 | R3: 0 | S3: 0 | T3: 0 | U3: 0 | V3: 0 | W3: =IF(ISNUMBER(L3),L3+SUM(N3:V3),"") -> 1 | X3: Y | Z3: Y | AA3: no offer after round 1 | AB3: round labelled coding; question algorithmic (rectangle-line intersections)
A4: 3 | B4: Salesforce | C4: SMTS | E4: =IF(D4="","not stated",IF(D4<6,"<6",IF(D4<8,"6-7",IF(D4<11,"8-10","11+")))) -> not stated | F4: Hyderabad | G4: 2026-06 | H4: =IF(LEFT(G4,4)="2026","2026","2024-25") -> 2026 | I4: Glassdoor | J4: https://www.glassdoor.com.au/Interview/Salesforce-Interview-E11159-RVW104386922.htm | K4: =IF(ISNUMBER(L4),IF(L4>0,"Yes","No"),"Unclear") -> Yes | L4: 2 | M4: medium | N4: 0 | O4: 0 | P4: 1 | Q4: 0 | R4: 0 | S4: 0 | T4: 0 | U4: 0 | V4: 1 | W4: =IF(ISNUMBER(L4),L4+SUM(N4:V4),"") -> 4 | X4: N | Z4: Y | AA4: offer | AB4: plus OA (easy/medium); DSA rounds: graphs, stacks, two pointers; HM deep dive on prod debugging
A5: 4 | B5: Razorpay | C5: Lead SE | E5: =IF(D5="","not stated",IF(D5<6,"<6",IF(D5<8,"6-7",IF(D5<11,"8-10","11+")))) -> not stated | F5: Bengaluru | G5: 2026-06 | H5: =IF(LEFT(G5,4)="2026","2026","2024-25") -> 2026 | I5: Glassdoor | J5: https://www.glassdoor.com/Interview/Razorpay-Interview-E1146550-RVW104471826.htm | K5: =IF(ISNUMBER(L5),IF(L5>0,"Yes","No"),"Unclear") -> Yes | L5: 1 | M5: medium | N5: 1 | O5: 0 | P5: 1 | Q5: 1 | R5: 0 | S5: 0 | T5: 0 | U5: 0 | V5: 1 | W5: =IF(ISNUMBER(L5),L5+SUM(N5:V5),"") -> 5 | X5: N | Z5: Y | AA5: offer | AB5: DSA only in the 45-min HackerRank OA (one medium, leaned easy); agentic coding round
A6: 5 | B6: Walmart | C6: Senior SE (IN4) | D6: 8.5 | E6: =IF(D6="","not stated",IF(D6<6,"<6",IF(D6<8,"6-7",IF(D6<11,"8-10","11+")))) -> 8-10 | F6: India (IN4 is a Walmart India level) | G6: 2026-04 | H6: =IF(LEFT(G6,4)="2026","2026","2024-25") -> 2026 | I6: LeetCode | J6: https://leetcode.com/discuss/post/8299285/walmart-ssein4-interview-experience-apri-te0v/ | K6: =IF(ISNUMBER(L6),IF(L6>0,"Yes","No"),"Unclear") -> Yes | L6: 1 | M6: medium | N6: 0 | O6: 1 | P6: 1 | Q6: 0 | R6: 0 | S6: 1 | T6: 0 | U6: 0 | V6: 1 | W6: =IF(ISNUMBER(L6),L6+SUM(N6:V6),"") -> 5 | X6: N | Z6: Y | AA6: offer, declined
A7: 6 | B7: Walmart | C7: SDE 3 | D7: 3.8 | E7: =IF(D7="","not stated",IF(D7<6,"<6",IF(D7<8,"6-7",IF(D7<11,"8-10","11+")))) -> <6 | F7: Bangalore | G7: 2026-03 | H7: =IF(LEFT(G7,4)="2026","2026","2024-25") -> 2026 | I7: LeetCode | J7: https://leetcode.com/discuss/post/7774527/walmart-sde-3-interview-experience-march-cvri/ | K7: =IF(ISNUMBER(L7),IF(L7>0,"Yes","No"),"Unclear") -> Yes | L7: 1 | M7: medium | N7: 0 | O7: 1 | P7: 0 | Q7: 0 | R7: 0 | S7: 1 | T7: 0 | U7: 1 | V7: 1 | W7: =IF(ISNUMBER(L7),L7+SUM(N7:V7),"") -> 5 | X7: N | Z7: Y | AA7: rejected
A8: 7 | B8: MongoDB | C8: SWE3 | D8: 6.75 | E8: =IF(D8="","not stated",IF(D8<6,"<6",IF(D8<8,"6-7",IF(D8<11,"8-10","11+")))) -> 6-7 | F8: Gurgaon | G8: 2026-03 | H8: =IF(LEFT(G8,4)="2026","2026","2024-25") -> 2026 | I8: LeetCode | J8: https://leetcode.com/discuss/post/7772003/mongodb-swe3-gurgaon-interview-selected-ivulh/ | K8: =IF(ISNUMBER(L8),IF(L8>0,"Yes","No"),"Unclear") -> Yes | L8: 1 | M8: medium | N8: 0 | O8: 0 | P8: 1 | Q8: 0 | R8: 0 | S8: 1 | T8: 0 | U8: 0 | V8: 1 | W8: =IF(ISNUMBER(L8),L8+SUM(N8:V8),"") -> 4 | X8: N | Z8: Y | AA8: offer | AB8: plus a real-world problem round (migration verifier alerts)
A9: 8 | B9: Salesforce | C9: SMTS (LMTS loop) | D9: 9 | E9: =IF(D9="","not stated",IF(D9<6,"<6",IF(D9<8,"6-7",IF(D9<11,"8-10","11+")))) -> 8-10 | F9: Hyderabad | G9: 2026-02 | H9: =IF(LEFT(G9,4)="2026","2026","2024-25") -> 2026 | I9: LeetCode | J9: https://leetcode.com/discuss/post/7840794/salesforce-smts-hyderabad-march-2026-off-0fi6/ | K9: =IF(ISNUMBER(L9),IF(L9>0,"Yes","No"),"Unclear") -> Yes | L9: 2 | M9: mixed | N9: 1 | O9: 1 | P9: 1 | Q9: 0 | R9: 0 | S9: 0 | T9: 0 | U9: 0 | V9: 1 | W9: =IF(ISNUMBER(L9),L9+SUM(N9:V9),"") -> 6 | X9: N | Z9: Y | AA9: offer (SMTS)
A10: 9 | B10: PhonePe | C10: SDE-III | D10: 6 | E10: =IF(D10="","not stated",IF(D10<6,"<6",IF(D10<8,"6-7",IF(D10<11,"8-10","11+")))) -> 6-7 | F10: India (PhonePe) | G10: 2026-02 | H10: =IF(LEFT(G10,4)="2026","2026","2024-25") -> 2026 | I10: LeetCode | J10: https://leetcode.com/discuss/post/7654415/ | K10: =IF(ISNUMBER(L10),IF(L10>0,"Yes","No"),"Unclear") -> Yes | L10: 1 | M10: hard | N10: 1 | O10: 0 | P10: 1 | Q10: 0 | R10: 0 | S10: 0 | T10: 0 | U10: 0 | V10: 0 | W10: =IF(ISNUMBER(L10),L10+SUM(N10:V10),"") -> 3 | X10: N | Z10: Y | AA10: rejected at HLD
A11: 10 | B11: Myntra | C11: Tech Lead | E11: =IF(D11="","not stated",IF(D11<6,"<6",IF(D11<8,"6-7",IF(D11<11,"8-10","11+")))) -> not stated | F11: India (multi-company post: Meesho, Cleartrip, CoinDCX) | G11: 2026-02 | H11: =IF(LEFT(G11,4)="2026","2026","2024-25") -> 2026 | I11: LeetCode | J11: https://leetcode.com/discuss/post/7698154/#myntra | K11: =IF(ISNUMBER(L11),IF(L11>0,"Yes","No"),"Unclear") -> Yes | L11: 1 | M11: not stated | N11: 0 | O11: 1 | P11: 1 | Q11: 0 | R11: 0 | S11: 0 | T11: 0 | U11: 0 | V11: 1 | W11: =IF(ISNUMBER(L11),L11+SUM(N11:V11),"") -> 4 | X11: N | Z11: Y | AA11: rejected | AB11: plus an OA; DSA questions were custom, based on team projects
A12: 11 | B12: JioHotstar | C12: Senior SDE (Backend) | E12: =IF(D12="","not stated",IF(D12<6,"<6",IF(D12<8,"6-7",IF(D12<11,"8-10","11+")))) -> not stated | F12: India (JioHotstar) | G12: 2026-02 | H12: =IF(LEFT(G12,4)="2026","2026","2024-25") -> 2026 | I12: LeetCode | J12: https://leetcode.com/discuss/post/7690154/ | K12: =IF(ISNUMBER(L12),IF(L12>0,"Yes","No"),"Unclear") -> No | L12: 0 | M12: n/a | N12: 0 | O12: 1 | P12: 2 | Q12: 0 | R12: 0 | S12: 1 | T12: 0 | U12: 0 | V12: 1 | W12: =IF(ISNUMBER(L12),L12+SUM(N12:V12),"") -> 5 | X12: N | Z12: Y | AA12: not stated | AB12: LLD round included coding a config service
A13: 12 | B13: PhonePe | C13: Software Engineer (5-7 yrs band) | D13: 6.75 | E13: =IF(D13="","not stated",IF(D13<6,"<6",IF(D13<8,"6-7",IF(D13<11,"8-10","11+")))) -> 6-7 | F13: Bangalore | G13: 2026-01 | H13: =IF(LEFT(G13,4)="2026","2026","2024-25") -> 2026 | I13: LeetCode | J13: https://leetcode.com/discuss/post/7770543/phonepe-software-engineer-5-7-years-bang-tppy/ | K13: =IF(ISNUMBER(L13),IF(L13>0,"Yes","No"),"Unclear") -> Yes | L13: 1 | M13: mixed | N13: 1 | O13: 0 | P13: 1 | Q13: 0 | R13: 0 | S13: 1 | T13: 0 | U13: 0 | V13: 1 | W13: =IF(ISNUMBER(L13),L13+SUM(N13:V13),"") -> 5 | X13: N | Z13: Y | AA13: selected
A14: 13 | B14: Paytm | C14: SSE | D14: 3.7 | E14: =IF(D14="","not stated",IF(D14<6,"<6",IF(D14<8,"6-7",IF(D14<11,"8-10","11+")))) -> <6 | F14: Noida | G14: 2026-01 | H14: =IF(LEFT(G14,4)="2026","2026","2024-25") -> 2026 | I14: LeetCode | J14: https://leetcode.com/discuss/post/7649720/paytm-interview-experience-sse-jan-2026-r44h2/ | K14: =IF(ISNUMBER(L14),IF(L14>0,"Yes","No"),"Unclear") -> Yes | L14: 3 | M14: medium | N14: 0 | O14: 1 | P14: 1 | Q14: 0 | R14: 0 | S14: 1 | T14: 0 | U14: 1 | V14: 0 | W14: =IF(ISNUMBER(L14),L14+SUM(N14:V14),"") -> 7 | X14: N | Z14: Y | AA14: selected
A15: 14 | B15: Cleartrip (Flipkart) | C15: SDE3 | E15: =IF(D15="","not stated",IF(D15<6,"<6",IF(D15<8,"6-7",IF(D15<11,"8-10","11+")))) -> not stated | F15: India | G15: 2026-01 | H15: =IF(LEFT(G15,4)="2026","2026","2024-25") -> 2026 | I15: LeetCode | J15: https://leetcode.com/discuss/post/7571535/ | K15: =IF(ISNUMBER(L15),IF(L15>0,"Yes","No"),"Unclear") -> Yes | L15: 2 | M15: medium | N15: 1 | O15: 0 | P15: 1 | Q15: 0 | R15: 0 | S15: 1 | T15: 0 | U15: 0 | V15: 1 | W15: =IF(ISNUMBER(L15),L15+SUM(N15:V15),"") -> 6 | X15: N | Z15: Y | AA15: not stated
A16: 15 | B16: Walmart | C16: not stated | D16: 7 | E16: =IF(D16="","not stated",IF(D16<6,"<6",IF(D16<8,"6-7",IF(D16<11,"8-10","11+")))) -> 6-7 | F16: India (same post) | G16: 2026 | H16: =IF(LEFT(G16,4)="2026","2026","2024-25") -> 2026 | I16: LeetCode | J16: https://leetcode.com/discuss/post/8477884/interview-summary-of-last-6-months-micro-y7a7/#walmart | K16: =IF(ISNUMBER(L16),IF(L16>0,"Yes","No"),"Unclear") -> Yes | L16: 1 | M16: medium | N16: 0 | O16: 1 | P16: 3 | Q16: 0 | R16: 0 | S16: 0 | T16: 0 | U16: 1 | V16: 0 | W16: =IF(ISNUMBER(L16),L16+SUM(N16:V16),"") -> 6 | X16: N | Y16: 8477884 | Z16: Y | AA16: not stated | AB16: two Walmart roles merged in one entry
A17: 16 | B17: Walmart | C17: Senior Engineer (hiring drive) | D17: 8 | E17: =IF(D17="","not stated",IF(D17<6,"<6",IF(D17<8,"6-7",IF(D17<11,"8-10","11+")))) -> 8-10 | F17: India (LPA) | G17: 2026 | H17: =IF(LEFT(G17,4)="2026","2026","2024-25") -> 2026 | I17: LeetCode | J17: https://leetcode.com/discuss/post/8428653/prep-and-interview-exp-for-seniorstaff-l-ki4x/#walmart-senior | K17: =IF(ISNUMBER(L17),IF(L17>0,"Yes","No"),"Unclear") -> Yes | L17: 2 | M17: mixed | N17: 0 | O17: 1 | P17: 1 | Q17: 0 | R17: 0 | S17: 0 | T17: 0 | U17: 1 | V17: 0 | W17: =IF(ISNUMBER(L17),L17+SUM(N17:V17),"") -> 5 | X17: N | Y17: 8428653 | Z17: Y | AA17: cleared, withdrew
A18: 17 | B18: Walmart | C18: Staff Engineer | D18: 8 | E18: =IF(D18="","not stated",IF(D18<6,"<6",IF(D18<8,"6-7",IF(D18<11,"8-10","11+")))) -> 8-10 | F18: India (LPA) | G18: 2026 | H18: =IF(LEFT(G18,4)="2026","2026","2024-25") -> 2026 | I18: LeetCode | J18: https://leetcode.com/discuss/post/8428653/prep-and-interview-exp-for-seniorstaff-l-ki4x/#walmart-staff | K18: =IF(ISNUMBER(L18),IF(L18>0,"Yes","No"),"Unclear") -> Yes | L18: 1 | M18: medium | N18: 0 | O18: 1 | P18: 1 | Q18: 0 | R18: 1 | S18: 0 | T18: 0 | U18: 0 | V18: 1 | W18: =IF(ISNUMBER(L18),L18+SUM(N18:V18),"") -> 5 | X18: N | Y18: 8428653 | Z18: N | AA18: offer | AB18: 30 min on AI tool usage and an AI knowledge-sharing project
A19: 18 | B19: ThoughtSpot | C19: not stated | D19: 8 | E19: =IF(D19="","not stated",IF(D19<6,"<6",IF(D19<8,"6-7",IF(D19<11,"8-10","11+")))) -> 8-10 | F19: India (same post) | G19: 2026 | H19: =IF(LEFT(G19,4)="2026","2026","2024-25") -> 2026 | I19: LeetCode | J19: https://leetcode.com/discuss/post/8428653/prep-and-interview-exp-for-seniorstaff-l-ki4x/#thoughtspot | K19: =IF(ISNUMBER(L19),IF(L19>0,"Yes","No"),"Unclear") -> Yes | L19: 1 | M19: hard | N19: 0 | O19: 0 | P19: 1 | Q19: 0 | R19: 0 | S19: 0 | T19: 0 | U19: 0 | V19: 0 | W19: =IF(ISNUMBER(L19),L19+SUM(N19:V19),"") -> 2 | X19: Y | Y19: 8428653 | Z19: Y | AA19: ghosted
A20: 19 | B20: Tekion | C20: not stated | D20: 7 | E20: =IF(D20="","not stated",IF(D20<6,"<6",IF(D20<8,"6-7",IF(D20<11,"8-10","11+")))) -> 6-7 | F20: India (same post) | G20: 2026 | H20: =IF(LEFT(G20,4)="2026","2026","2024-25") -> 2026 | I20: LeetCode | J20: https://leetcode.com/discuss/post/8477884/interview-summary-of-last-6-months-micro-y7a7/#tekion | K20: =IF(ISNUMBER(L20),IF(L20>0,"Yes","No"),"Unclear") -> Yes | L20: 1 | M20: medium | N20: 0 | O20: 1 | P20: 0 | Q20: 0 | R20: 0 | S20: 0 | T20: 0 | U20: 0 | V20: 0 | W20: =IF(ISNUMBER(L20),L20+SUM(N20:V20),"") -> 2 | X20: Y | Y20: 8477884 | Z20: Y | AA20: not stated
A21: 20 | B21: Swiggy | C21: SDE-3 | E21: =IF(D21="","not stated",IF(D21<6,"<6",IF(D21<8,"6-7",IF(D21<11,"8-10","11+")))) -> not stated | F21: India | G21: 2026 | H21: =IF(LEFT(G21,4)="2026","2026","2024-25") -> 2026 | I21: LeetCode | J21: https://leetcode.com/discuss/post/7823221/ | K21: =IF(ISNUMBER(L21),IF(L21>0,"Yes","No"),"Unclear") -> Yes | L21: 1 | M21: not stated | N21: 1 | O21: 1 | P21: 1 | Q21: 0 | R21: 0 | S21: 0 | T21: 0 | U21: 0 | V21: 0 | W21: =IF(ISNUMBER(L21),L21+SUM(N21:V21),"") -> 4 | X21: N | Z21: Y | AA21: not stated
A22: 21 | B22: Salesforce | C22: Senior SE | D22: 7 | E22: =IF(D22="","not stated",IF(D22<6,"<6",IF(D22<8,"6-7",IF(D22<11,"8-10","11+")))) -> 6-7 | F22: India (multi-company post: Flipkart, Big Billion, Naukri) | G22: 2026 | H22: =IF(LEFT(G22,4)="2026","2026","2024-25") -> 2026 | I22: LeetCode | J22: https://leetcode.com/discuss/post/8477884/interview-summary-of-last-6-months-micro-y7a7/#salesforce1 | K22: =IF(ISNUMBER(L22),IF(L22>0,"Yes","No"),"Unclear") -> Yes | L22: 3 | M22: mixed | N22: 0 | O22: 2 | P22: 3 | Q22: 0 | R22: 0 | S22: 1 | T22: 0 | U22: 1 | V22: 1 | W22: =IF(ISNUMBER(L22),L22+SUM(N22:V22),"") -> 11 | X22: N | Y22: 8477884 | Z22: Y | AA22: not stated
A23: 22 | B23: Salesforce | C23: not stated (second loop) | D23: 7 | E23: =IF(D23="","not stated",IF(D23<6,"<6",IF(D23<8,"6-7",IF(D23<11,"8-10","11+")))) -> 6-7 | F23: India (same post) | G23: 2026 | H23: =IF(LEFT(G23,4)="2026","2026","2024-25") -> 2026 | I23: LeetCode | J23: https://leetcode.com/discuss/post/8477884/interview-summary-of-last-6-months-micro-y7a7/#salesforce2 | K23: =IF(ISNUMBER(L23),IF(L23>0,"Yes","No"),"Unclear") -> Yes | L23: 1 | M23: medium | N23: 0 | O23: 1 | P23: 0 | Q23: 0 | R23: 0 | S23: 0 | T23: 0 | U23: 0 | V23: 0 | W23: =IF(ISNUMBER(L23),L23+SUM(N23:V23),"") -> 2 | X23: Y | Y23: 8477884 | Z23: N | AA23: rejected
A24: 23 | B24: Oracle Health | C24: SSE + AI role | D24: 7 | E24: =IF(D24="","not stated",IF(D24<6,"<6",IF(D24<8,"6-7",IF(D24<11,"8-10","11+")))) -> 6-7 | F24: India (same post) | G24: 2026 | H24: =IF(LEFT(G24,4)="2026","2026","2024-25") -> 2026 | I24: LeetCode | J24: https://leetcode.com/discuss/post/8477884/interview-summary-of-last-6-months-micro-y7a7/#oraclehealth | K24: =IF(ISNUMBER(L24),IF(L24>0,"Yes","No"),"Unclear") -> Yes | L24: 2 | M24: mixed | N24: 0 | O24: 0 | P24: 1 | Q24: 0 | R24: 1 | S24: 1 | T24: 0 | U24: 0 | V24: 2 | W24: =IF(ISNUMBER(L24),L24+SUM(N24:V24),"") -> 7 | X24: N | Y24: 8477884 | Z24: Y | AA24: rejected | AB24: HM asked about building MCP tools
A25: 24 | B25: Oracle Health | C25: IC4 | D25: 8 | E25: =IF(D25="","not stated",IF(D25<6,"<6",IF(D25<8,"6-7",IF(D25<11,"8-10","11+")))) -> 8-10 | F25: India (same post) | G25: 2026 | H25: =IF(LEFT(G25,4)="2026","2026","2024-25") -> 2026 | I25: LeetCode | J25: https://leetcode.com/discuss/post/8428653/prep-and-interview-exp-for-seniorstaff-l-ki4x/#oraclehealth | K25: =IF(ISNUMBER(L25),IF(L25>0,"Yes","No"),"Unclear") -> No | L25: 0 | M25: n/a | N25: 0 | O25: 0 | P25: 2 | Q25: 0 | R25: 0 | S25: 1 | T25: 0 | U25: 0 | V25: 2 | W25: =IF(ISNUMBER(L25),L25+SUM(N25:V25),"") -> 5 | X25: N | Y25: 8428653 | Z25: Y | AA25: IC4 offer, declined
A26: 25 | B26: Oracle Cloud | C26: not stated | D26: 7 | E26: =IF(D26="","not stated",IF(D26<6,"<6",IF(D26<8,"6-7",IF(D26<11,"8-10","11+")))) -> 6-7 | F26: India (same post) | G26: 2026 | H26: =IF(LEFT(G26,4)="2026","2026","2024-25") -> 2026 | I26: LeetCode | J26: https://leetcode.com/discuss/post/8477884/interview-summary-of-last-6-months-micro-y7a7/#oraclecloud | K26: =IF(ISNUMBER(L26),IF(L26>0,"Yes","No"),"Unclear") -> Yes | L26: 1 | M26: medium | N26: 0 | O26: 0 | P26: 1 | Q26: 0 | R26: 0 | S26: 1 | T26: 0 | U26: 1 | V26: 2 | W26: =IF(ISNUMBER(L26),L26+SUM(N26:V26),"") -> 6 | X26: N | Y26: 8477884 | Z26: Y | AA26: not stated
A27: 26 | B27: Oracle | C27: SMTS | E27: =IF(D27="","not stated",IF(D27<6,"<6",IF(D27<8,"6-7",IF(D27<11,"8-10","11+")))) -> not stated | F27: Chandigarh | G27: 2026 | H27: =IF(LEFT(G27,4)="2026","2026","2024-25") -> 2026 | I27: Glassdoor | J27: https://www.glassdoor.co.in/Interview/Oracle-Senior-Member-of-Technical-Staff-Interview-Questions-EI_IE1737.0,6_KO7,39.htm#2026-09-01 | K27: =IF(ISNUMBER(L27),IF(L27>0,"Yes","No"),"Unclear") -> Yes | L27: 2 | M27: not stated | N27: 0 | O27: 0 | P27: 0 | Q27: 0 | R27: 0 | S27: 0 | T27: 0 | U27: 1 | V27: 0 | W27: =IF(ISNUMBER(L27),L27+SUM(N27:V27),"") -> 3 | X27: N | Z27: Y | AA27: offer | AB27: DSA and core Java across multiple rounds; count of rounds not given
A28: 27 | B28: Flipkart | C28: not stated | D28: 7 | E28: =IF(D28="","not stated",IF(D28<6,"<6",IF(D28<8,"6-7",IF(D28<11,"8-10","11+")))) -> 6-7 | F28: India (same post) | G28: 2026 | H28: =IF(LEFT(G28,4)="2026","2026","2024-25") -> 2026 | I28: LeetCode | J28: https://leetcode.com/discuss/post/8477884/interview-summary-of-last-6-months-micro-y7a7/#flipkart | K28: =IF(ISNUMBER(L28),IF(L28>0,"Yes","No"),"Unclear") -> Yes | L28: 1 | M28: medium | N28: 1 | O28: 0 | P28: 1 | Q28: 0 | R28: 0 | S28: 0 | T28: 0 | U28: 0 | V28: 0 | W28: =IF(ISNUMBER(L28),L28+SUM(N28:V28),"") -> 3 | X28: N | Y28: 8477884 | Z28: Y | AA28: not stated
A29: 28 | B29: Rubrik | C29: not stated | D29: 8.5 | E29: =IF(D29="","not stated",IF(D29<6,"<6",IF(D29<8,"6-7",IF(D29<11,"8-10","11+")))) -> 8-10 | F29: India | G29: 2025-12 | H29: =IF(LEFT(G29,4)="2026","2026","2024-25") -> 2024-25 | I29: LeetCode | J29: https://leetcode.com/discuss/post/8319169/#rubrik | K29: =IF(ISNUMBER(L29),IF(L29>0,"Yes","No"),"Unclear") -> Yes | L29: 2 | M29: not stated | N29: 0 | O29: 0 | P29: 0 | Q29: 0 | R29: 0 | S29: 0 | T29: 1 | U29: 0 | V29: 0 | W29: =IF(ISNUMBER(L29),L29+SUM(N29:V29),"") -> 3 | X29: Y | Y29: 8319169 | Z29: Y | AA29: rejected after 2 rounds
A30: 29 | B30: Salesforce | C30: LMTS | D30: 8 | E30: =IF(D30="","not stated",IF(D30<6,"<6",IF(D30<8,"6-7",IF(D30<11,"8-10","11+")))) -> 8-10 | F30: India (LPA) | G30: 2025-11 | H30: =IF(LEFT(G30,4)="2026","2026","2024-25") -> 2024-25 | I30: LeetCode | J30: https://leetcode.com/discuss/post/7446936/ | K30: =IF(ISNUMBER(L30),IF(L30>0,"Yes","No"),"Unclear") -> Yes | L30: 2 | M30: medium | N30: 0 | O30: 1 | P30: 1 | Q30: 0 | R30: 0 | S30: 0 | T30: 0 | U30: 0 | V30: 1 | W30: =IF(ISNUMBER(L30),L30+SUM(N30:V30),"") -> 5 | X30: N | Z30: Y | AA30: offer, declined
A31: 30 | B31: Rakuten Symphony | C31: Senior SE | D31: 5.25 | E31: =IF(D31="","not stated",IF(D31<6,"<6",IF(D31<8,"6-7",IF(D31<11,"8-10","11+")))) -> <6 | F31: Bangalore | G31: 2025-11 | H31: =IF(LEFT(G31,4)="2026","2026","2024-25") -> 2024-25 | I31: LeetCode | J31: https://leetcode.com/discuss/post/7410581/ | K31: =IF(ISNUMBER(L31),IF(L31>0,"Yes","No"),"Unclear") -> Yes | L31: 1 | M31: easy | N31: 0 | O31: 0 | P31: 1 | Q31: 0 | R31: 1 | S31: 1 | T31: 0 | U31: 1 | V31: 1 | W31: =IF(ISNUMBER(L31),L31+SUM(N31:V31),"") -> 6 | X31: N | Z31: Y | AA31: offer | AB31: easy coding (Fibonacci, word count, non-repeating chars) inside fundamentals and HLD rounds; HM asked about LLMs and RAG
A32: 31 | B32: Omnissa (ex-VMware EUC) | C32: not stated | D32: 8.5 | E32: =IF(D32="","not stated",IF(D32<6,"<6",IF(D32<8,"6-7",IF(D32<11,"8-10","11+")))) -> 8-10 | F32: India | G32: 2025-11 | H32: =IF(LEFT(G32,4)="2026","2026","2024-25") -> 2024-25 | I32: LeetCode | J32: https://leetcode.com/discuss/post/8319169/#omnissa | K32: =IF(ISNUMBER(L32),IF(L32>0,"Yes","No"),"Unclear") -> Yes | L32: 1 | M32: medium | N32: 0 | O32: 0 | P32: 0 | Q32: 0 | R32: 0 | S32: 0 | T32: 0 | U32: 0 | V32: 0 | W32: =IF(ISNUMBER(L32),L32+SUM(N32:V32),"") -> 1 | X32: Y | Y32: 8319169 | Z32: Y | AA32: rejected early
A33: 32 | B33: Autodesk | C33: Senior SE | D33: 8 | E33: =IF(D33="","not stated",IF(D33<6,"<6",IF(D33<8,"6-7",IF(D33<11,"8-10","11+")))) -> 8-10 | F33: Bengaluru | G33: 2025-11 | H33: =IF(LEFT(G33,4)="2026","2026","2024-25") -> 2024-25 | I33: LeetCode | J33: https://leetcode.com/discuss/post/7386726/ | K33: =IF(ISNUMBER(L33),IF(L33>0,"Yes","No"),"Unclear") -> Yes | L33: 1 | M33: mixed | N33: 0 | O33: 0 | P33: 1 | Q33: 0 | R33: 0 | S33: 1 | T33: 0 | U33: 0 | V33: 1 | W33: =IF(ISNUMBER(L33),L33+SUM(N33:V33),"") -> 4 | X33: N | Z33: Y | AA33: offer indicated
A34: 33 | B34: Zeta | C34: SDE 3 | E34: =IF(D34="","not stated",IF(D34<6,"<6",IF(D34<8,"6-7",IF(D34<11,"8-10","11+")))) -> not stated | F34: Bangalore | G34: 2025-10 | H34: =IF(LEFT(G34,4)="2026","2026","2024-25") -> 2024-25 | I34: LeetCode | J34: https://leetcode.com/discuss/post/7384474/zeta-sde-3-bangalore-oct-2025-declined-o-715m/ | K34: =IF(ISNUMBER(L34),IF(L34>0,"Yes","No"),"Unclear") -> Yes | L34: 1 | M34: mixed | N34: 2 | O34: 0 | P34: 0 | Q34: 0 | R34: 0 | S34: 1 | T34: 0 | U34: 0 | V34: 1 | W34: =IF(ISNUMBER(L34),L34+SUM(N34:V34),"") -> 5 | X34: N | Z34: Y | AA34: offer (early SDE3), declined
A35: 34 | B35: Sixt | C35: SDE III | D35: 6 | E35: =IF(D35="","not stated",IF(D35<6,"<6",IF(D35<8,"6-7",IF(D35<11,"8-10","11+")))) -> 6-7 | F35: India (same post: PhonePe, Expedia) | G35: 2025-10 | H35: =IF(LEFT(G35,4)="2026","2026","2024-25") -> 2024-25 | I35: LeetCode | J35: https://leetcode.com/discuss/post/7253272/#sixt | K35: =IF(ISNUMBER(L35),IF(L35>0,"Yes","No"),"Unclear") -> Yes | L35: 1 | M35: hard | N35: 0 | O35: 0 | P35: 0 | Q35: 0 | R35: 0 | S35: 0 | T35: 0 | U35: 0 | V35: 0 | W35: =IF(ISNUMBER(L35),L35+SUM(N35:V35),"") -> 1 | X35: Y | Y35: 7253272 | Z35: Y | AA35: rejected
A36: 35 | B36: PhonePe | C36: Senior SE | D36: 6 | E36: =IF(D36="","not stated",IF(D36<6,"<6",IF(D36<8,"6-7",IF(D36<11,"8-10","11+")))) -> 6-7 | F36: India (same post) | G36: 2025-10 | H36: =IF(LEFT(G36,4)="2026","2026","2024-25") -> 2024-25 | I36: LeetCode | J36: https://leetcode.com/discuss/post/7253272/#phonepe | K36: =IF(ISNUMBER(L36),IF(L36>0,"Yes","No"),"Unclear") -> Yes | L36: 1 | M36: medium | N36: 1 | O36: 1 | P36: 0 | Q36: 0 | R36: 0 | S36: 0 | T36: 0 | U36: 0 | V36: 0 | W36: =IF(ISNUMBER(L36),L36+SUM(N36:V36),"") -> 3 | X36: N | Y36: 7253272 | Z36: Y | AA36: rejected after round 3
A37: 36 | B37: Oracle | C37: Senior SE | E37: =IF(D37="","not stated",IF(D37<6,"<6",IF(D37<8,"6-7",IF(D37<11,"8-10","11+")))) -> not stated | F37: Bengaluru | G37: 2025-10 | H37: =IF(LEFT(G37,4)="2026","2026","2024-25") -> 2024-25 | I37: Taro | J37: https://www.jointaro.com/interviews/companies/oracle/experiences/senior-software-engineer-october-13-2025-no-offer-negative-206c52ba/ | K37: =IF(ISNUMBER(L37),IF(L37>0,"Yes","No"),"Unclear") -> Yes | L37: 2 | M37: medium | N37: 0 | O37: 0 | P37: 1 | Q37: 0 | R37: 0 | S37: 0 | T37: 0 | U37: 0 | V37: 1 | W37: =IF(ISNUMBER(L37),L37+SUM(N37:V37),"") -> 4 | X37: N | Z37: Y | AA37: no offer | AB37: two coding rounds of LC-medium questions; HLD booking site
A38: 37 | B38: Oracle | C38: Principal SE | E38: =IF(D38="","not stated",IF(D38<6,"<6",IF(D38<8,"6-7",IF(D38<11,"8-10","11+")))) -> not stated | F38: Bengaluru | G38: 2025-10 | H38: =IF(LEFT(G38,4)="2026","2026","2024-25") -> 2024-25 | I38: Taro | J38: https://www.jointaro.com/interviews/companies/oracle/experiences/principal-software-engineer-bengaluru-karnataka-october-27-2025-accepted-offer-positive-30c4e456/ | K38: =IF(ISNUMBER(L38),IF(L38>0,"Yes","No"),"Unclear") -> Unclear | L38: unclear | M38: not stated | N38: 0 | O38: 0 | P38: 1 | Q38: 0 | R38: 0 | S38: 1 | T38: 0 | U38: 0 | V38: 1 | W38: =IF(ISNUMBER(L38),L38+SUM(N38:V38),"") | X38: N | Z38: Y | AA38: offer | AB38: round 1 with a principal engineer: problem-solving approach and core concepts, coding not stated
A39: 38 | B39: Nike | C39: SDE 3 | E39: =IF(D39="","not stated",IF(D39<6,"<6",IF(D39<8,"6-7",IF(D39<11,"8-10","11+")))) -> not stated | F39: Bangalore | G39: 2025-10 | H39: =IF(LEFT(G39,4)="2026","2026","2024-25") -> 2024-25 | I39: LeetCode | J39: https://leetcode.com/discuss/post/7318007/nike-sde-3-interview-experience-by-anony-xd5y/ | K39: =IF(ISNUMBER(L39),IF(L39>0,"Yes","No"),"Unclear") -> Yes | L39: 1 | M39: easy | N39: 0 | O39: 0 | P39: 1 | Q39: 0 | R39: 0 | S39: 1 | T39: 0 | U39: 0 | V39: 1 | W39: =IF(ISNUMBER(L39),L39+SUM(N39:V39),"") -> 4 | X39: N | Z39: Y | AA39: offer
A40: 39 | B40: Meesho | C40: SDE-3 | E40: =IF(D40="","not stated",IF(D40<6,"<6",IF(D40<8,"6-7",IF(D40<11,"8-10","11+")))) -> not stated | F40: India (Meesho) | G40: 2025-10 | H40: =IF(LEFT(G40,4)="2026","2026","2024-25") -> 2024-25 | I40: LeetCode | J40: https://leetcode.com/discuss/post/7259276/ | K40: =IF(ISNUMBER(L40),IF(L40>0,"Yes","No"),"Unclear") -> Yes | L40: 1 | M40: not stated | N40: 0 | O40: 1 | P40: 0 | Q40: 0 | R40: 0 | S40: 1 | T40: 0 | U40: 0 | V40: 0 | W40: =IF(ISNUMBER(L40),L40+SUM(N40:V40),"") -> 3 | X40: Y | Z40: Y | AA40: no offer
A41: 40 | B41: Google | C41: Senior SE | E41: =IF(D41="","not stated",IF(D41<6,"<6",IF(D41<8,"6-7",IF(D41<11,"8-10","11+")))) -> not stated | F41: Bengaluru | G41: 2025-10 | H41: =IF(LEFT(G41,4)="2026","2026","2024-25") -> 2024-25 | I41: Taro | J41: https://www.jointaro.com/interviews/companies/google/experiences/senior-software-engineer-bengaluru-karnataka-october-5-2025-no-offer-positive-62a5e889/ | K41: =IF(ISNUMBER(L41),IF(L41>0,"Yes","No"),"Unclear") -> Yes | L41: 1 | M41: hard | N41: 0 | O41: 0 | P41: 0 | Q41: 0 | R41: 0 | S41: 0 | T41: 0 | U41: 0 | V41: 0 | W41: =IF(ISNUMBER(L41),L41+SUM(N41:V41),"") -> 1 | X41: N | Z41: Y | AA41: no offer | AB41: trees, graphs, DP mid-high; a platform round, content not stated
A42: 41 | B42: Goldman Sachs | C42: Vice President | D42: 6 | E42: =IF(D42="","not stated",IF(D42<6,"<6",IF(D42<8,"6-7",IF(D42<11,"8-10","11+")))) -> 6-7 | F42: India (same post) | G42: 2025-10 | H42: =IF(LEFT(G42,4)="2026","2026","2024-25") -> 2024-25 | I42: LeetCode | J42: https://leetcode.com/discuss/post/7253272/#gs | K42: =IF(ISNUMBER(L42),IF(L42>0,"Yes","No"),"Unclear") -> Yes | L42: 2 | M42: mixed | N42: 0 | O42: 0 | P42: 0 | Q42: 0 | R42: 0 | S42: 0 | T42: 0 | U42: 0 | V42: 0 | W42: =IF(ISNUMBER(L42),L42+SUM(N42:V42),"") -> 2 | X42: Y | Y42: 7253272 | Z42: Y | AA42: rejected after round 2
A43: 42 | B43: Flipkart | C43: SDE 3 | D43: 6 | E43: =IF(D43="","not stated",IF(D43<6,"<6",IF(D43<8,"6-7",IF(D43<11,"8-10","11+")))) -> 6-7 | F43: Bangalore | G43: 2025-10 | H43: =IF(LEFT(G43,4)="2026","2026","2024-25") -> 2024-25 | I43: LeetCode | J43: https://leetcode.com/discuss/post/7240231/flipkart-sde-3-bangalore-6-yoe-by-snkxry-zhy1/ | K43: =IF(ISNUMBER(L43),IF(L43>0,"Yes","No"),"Unclear") -> Yes | L43: 1 | M43: medium | N43: 1 | O43: 0 | P43: 1 | Q43: 0 | R43: 0 | S43: 1 | T43: 0 | U43: 0 | V43: 1 | W43: =IF(ISNUMBER(L43),L43+SUM(N43:V43),"") -> 5 | X43: N | Z43: Y | AA43: selected
A44: 43 | B44: Expedia | C44: SDE III (3 teams) | D44: 6 | E44: =IF(D44="","not stated",IF(D44<6,"<6",IF(D44<8,"6-7",IF(D44<11,"8-10","11+")))) -> 6-7 | F44: India (same post) | G44: 2025-10 | H44: =IF(LEFT(G44,4)="2026","2026","2024-25") -> 2024-25 | I44: LeetCode | J44: https://leetcode.com/discuss/post/7253272/#expedia | K44: =IF(ISNUMBER(L44),IF(L44>0,"Yes","No"),"Unclear") -> Yes | L44: 1 | M44: mixed | N44: 0 | O44: 0 | P44: 0 | Q44: 0 | R44: 0 | S44: 0 | T44: 0 | U44: 0 | V44: 0 | W44: =IF(ISNUMBER(L44),L44+SUM(N44:V44),"") -> 1 | X44: Y | Y44: 7253272 | Z44: Y | AA44: position filled x2, rejected x1 | AB44: three team screens merged into one row; each was a DSA round
A45: 44 | B45: Salesforce | C45: LMTS | D45: 10.3 | E45: =IF(D45="","not stated",IF(D45<6,"<6",IF(D45<8,"6-7",IF(D45<11,"8-10","11+")))) -> 8-10 | F45: India | G45: 2025-09 | H45: =IF(LEFT(G45,4)="2026","2026","2024-25") -> 2024-25 | I45: LeetCode | J45: https://leetcode.com/discuss/post/7333207/salesforce-lmts-india-interview-experien-bb2k/ | K45: =IF(ISNUMBER(L45),IF(L45>0,"Yes","No"),"Unclear") -> Yes | L45: 2 | M45: medium | N45: 0 | O45: 1 | P45: 1 | Q45: 0 | R45: 0 | S45: 1 | T45: 0 | U45: 0 | V45: 1 | W45: =IF(ISNUMBER(L45),L45+SUM(N45:V45),"") -> 6 | X45: N | Z45: Y | AA45: not stated
A46: 45 | B46: Razorpay | C46: Lead SE | D46: 6 | E46: =IF(D46="","not stated",IF(D46<6,"<6",IF(D46<8,"6-7",IF(D46<11,"8-10","11+")))) -> 6-7 | F46: Bangalore | G46: 2025-09 | H46: =IF(LEFT(G46,4)="2026","2026","2024-25") -> 2024-25 | I46: LeetCode | J46: https://leetcode.com/discuss/post/7360702/razorpay-lead-software-engineer-bangalor-qkqi/ | K46: =IF(ISNUMBER(L46),IF(L46>0,"Yes","No"),"Unclear") -> No | L46: 0 | M46: n/a | N46: 1 | O46: 1 | P46: 1 | Q46: 0 | R46: 0 | S46: 0 | T46: 0 | U46: 0 | V46: 1 | W46: =IF(ISNUMBER(L46),L46+SUM(N46:V46),"") -> 4 | X46: N | Z46: Y | AA46: not stated
A47: 46 | B47: Paytm | C47: Senior SE (PG) | D47: 3 | E47: =IF(D47="","not stated",IF(D47<6,"<6",IF(D47<8,"6-7",IF(D47<11,"8-10","11+")))) -> <6 | F47: India (LPA) | G47: 2025-09 | H47: =IF(LEFT(G47,4)="2026","2026","2024-25") -> 2024-25 | I47: LeetCode | J47: https://leetcode.com/discuss/post/7179026/paytm-interview-experience-senior-softwa-t66r/ | K47: =IF(ISNUMBER(L47),IF(L47>0,"Yes","No"),"Unclear") -> Yes | L47: 2 | M47: easy | N47: 0 | O47: 0 | P47: 1 | Q47: 0 | R47: 0 | S47: 2 | T47: 0 | U47: 2 | V47: 0 | W47: =IF(ISNUMBER(L47),L47+SUM(N47:V47),"") -> 7 | X47: N | Z47: Y | AA47: offer, declined
A48: 47 | B48: New Relic | C48: Senior SE | E48: =IF(D48="","not stated",IF(D48<6,"<6",IF(D48<8,"6-7",IF(D48<11,"8-10","11+")))) -> not stated | F48: Bengaluru | G48: 2025-09 | H48: =IF(LEFT(G48,4)="2026","2026","2024-25") -> 2024-25 | I48: Taro | J48: https://www.jointaro.com/interviews/companies/new-relic/experiences/senior-software-engineer-bengaluru-karnataka-september-1-2025-no-offer-negative-a6110d78/ | K48: =IF(ISNUMBER(L48),IF(L48>0,"Yes","No"),"Unclear") -> Yes | L48: 1 | M48: medium | N48: 0 | O48: 0 | P48: 0 | Q48: 0 | R48: 0 | S48: 0 | T48: 0 | U48: 0 | V48: 0 | W48: =IF(ISNUMBER(L48),L48+SUM(N48:V48),"") -> 1 | X48: Y | Z48: Y | AA48: no offer | AB48: one round only: LC-medium two pointers
A49: 48 | B49: Meesho | C49: SDE3 | D49: 6 | E49: =IF(D49="","not stated",IF(D49<6,"<6",IF(D49<8,"6-7",IF(D49<11,"8-10","11+")))) -> 6-7 | F49: India | G49: 2025-09 | H49: =IF(LEFT(G49,4)="2026","2026","2024-25") -> 2024-25 | I49: LeetCode | J49: https://leetcode.com/discuss/post/7496727/meesho-sde3-interview-india-got-offer-by-v59z/ | K49: =IF(ISNUMBER(L49),IF(L49>0,"Yes","No"),"Unclear") -> No | L49: 0 | M49: n/a | N49: 1 | O49: 0 | P49: 1 | Q49: 0 | R49: 0 | S49: 1 | T49: 0 | U49: 0 | V49: 1 | W49: =IF(ISNUMBER(L49),L49+SUM(N49:V49),"") -> 4 | X49: N | Z49: Y | AA49: offer
A50: 49 | B50: Walmart Global Tech | C50: Senior SE | D50: 7 | E50: =IF(D50="","not stated",IF(D50<6,"<6",IF(D50<8,"6-7",IF(D50<11,"8-10","11+")))) -> 6-7 | F50: India | G50: 2025-08 | H50: =IF(LEFT(G50,4)="2026","2026","2024-25") -> 2024-25 | I50: LeetCode | J50: https://leetcode.com/discuss/post/7185262/#walmart | K50: =IF(ISNUMBER(L50),IF(L50>0,"Yes","No"),"Unclear") -> Yes | L50: 1 | M50: easy | N50: 0 | O50: 1 | P50: 1 | Q50: 0 | R50: 0 | S50: 1 | T50: 0 | U50: 0 | V50: 1 | W50: =IF(ISNUMBER(L50),L50+SUM(N50:V50),"") -> 5 | X50: N | Y50: 7185262 | Z50: Y | AA50: offer accepted
A51: 50 | B51: Visa | C51: Staff SE (security + AI) | D51: 7 | E51: =IF(D51="","not stated",IF(D51<6,"<6",IF(D51<8,"6-7",IF(D51<11,"8-10","11+")))) -> 6-7 | F51: India (same post) | G51: 2025-08 | H51: =IF(LEFT(G51,4)="2026","2026","2024-25") -> 2024-25 | I51: LeetCode | J51: https://leetcode.com/discuss/post/7185262/#visa1 | K51: =IF(ISNUMBER(L51),IF(L51>0,"Yes","No"),"Unclear") -> Yes | L51: 1 | M51: medium | N51: 0 | O51: 0 | P51: 1 | Q51: 0 | R51: 0 | S51: 0 | T51: 0 | U51: 0 | V51: 0 | W51: =IF(ISNUMBER(L51),L51+SUM(N51:V51),"") -> 2 | X51: Y | Y51: 7185262 | Z51: Y | AA51: rejected
A52: 51 | B52: Visa | C52: not stated (security team) | D52: 7 | E52: =IF(D52="","not stated",IF(D52<6,"<6",IF(D52<8,"6-7",IF(D52<11,"8-10","11+")))) -> 6-7 | F52: India (same post) | G52: 2025-08 | H52: =IF(LEFT(G52,4)="2026","2026","2024-25") -> 2024-25 | I52: LeetCode | J52: https://leetcode.com/discuss/post/7185262/#visa2 | K52: =IF(ISNUMBER(L52),IF(L52>0,"Yes","No"),"Unclear") -> Yes | L52: 1 | M52: hard | N52: 0 | O52: 0 | P52: 0 | Q52: 0 | R52: 0 | S52: 1 | T52: 0 | U52: 1 | V52: 0 | W52: =IF(ISNUMBER(L52),L52+SUM(N52:V52),"") -> 3 | X52: Y | Y52: 7185262 | Z52: N | AA52: withdrew
A53: 52 | B53: Uber | C53: Senior SE | E53: =IF(D53="","not stated",IF(D53<6,"<6",IF(D53<8,"6-7",IF(D53<11,"8-10","11+")))) -> not stated | F53: Bengaluru | G53: 2025-08 | H53: =IF(LEFT(G53,4)="2026","2026","2024-25") -> 2024-25 | I53: Taro | J53: https://www.jointaro.com/interviews/companies/uber/experiences/senior-software-engineer-bengaluru-august-1-2025-no-offer-positive-2675385c/ | K53: =IF(ISNUMBER(L53),IF(L53>0,"Yes","No"),"Unclear") -> Yes | L53: 1 | M53: medium | N53: 0 | O53: 0 | P53: 0 | Q53: 0 | R53: 0 | S53: 1 | T53: 0 | U53: 0 | V53: 0 | W53: =IF(ISNUMBER(L53),L53+SUM(N53:V53),"") -> 2 | X53: Y | Z53: Y | AA53: no offer | AB53: screen: build order from package dependencies (topological sort) in 20 min
A54: 53 | B54: Salesforce | C54: SMTS | D54: 6 | E54: =IF(D54="","not stated",IF(D54<6,"<6",IF(D54<8,"6-7",IF(D54<11,"8-10","11+")))) -> 6-7 | F54: Bangalore | G54: 2025-08 | H54: =IF(LEFT(G54,4)="2026","2026","2024-25") -> 2024-25 | I54: LeetCode | J54: https://leetcode.com/discuss/interview-experience/7049872/ | K54: =IF(ISNUMBER(L54),IF(L54>0,"Yes","No"),"Unclear") -> Yes | L54: 2 | M54: medium | N54: 0 | O54: 0 | P54: 1 | Q54: 0 | R54: 0 | S54: 1 | T54: 0 | U54: 0 | V54: 1 | W54: =IF(ISNUMBER(L54),L54+SUM(N54:V54),"") -> 5 | X54: N | Z54: Y | AA54: pending
A55: 54 | B55: Practo | C55: Software Engineer | D55: 7 | E55: =IF(D55="","not stated",IF(D55<6,"<6",IF(D55<8,"6-7",IF(D55<11,"8-10","11+")))) -> 6-7 | F55: India (same post) | G55: 2025-08 | H55: =IF(LEFT(G55,4)="2026","2026","2024-25") -> 2024-25 | I55: LeetCode | J55: https://leetcode.com/discuss/post/7185262/#practo | K55: =IF(ISNUMBER(L55),IF(L55>0,"Yes","No"),"Unclear") -> Yes | L55: 2 | M55: easy | N55: 0 | O55: 1 | P55: 1 | Q55: 0 | R55: 0 | S55: 0 | T55: 0 | U55: 1 | V55: 0 | W55: =IF(ISNUMBER(L55),L55+SUM(N55:V55),"") -> 5 | X55: N | Y55: 7185262 | Z55: Y | AA55: rejected
A56: 55 | B56: Oracle | C56: Principal SE | E56: =IF(D56="","not stated",IF(D56<6,"<6",IF(D56<8,"6-7",IF(D56<11,"8-10","11+")))) -> not stated | F56: India | G56: 2025-08 | H56: =IF(LEFT(G56,4)="2026","2026","2024-25") -> 2024-25 | I56: Taro | J56: https://www.jointaro.com/interviews/companies/oracle/experiences/principal-software-engineer-india-august-1-2025-no-offer-neutral-bc8f4b35/ | K56: =IF(ISNUMBER(L56),IF(L56>0,"Yes","No"),"Unclear") -> Unclear | L56: unclear | M56: not stated | N56: 0 | O56: 0 | P56: 1 | Q56: 0 | R56: 0 | S56: 0 | T56: 0 | U56: 0 | V56: 1 | W56: =IF(ISNUMBER(L56),L56+SUM(N56:V56),"") | X56: N | Z56: Y | AA56: no offer | AB56: screen: DSA or system knowledge, job scheduler design; 2 technical rounds content not stated; bar raiser
A57: 56 | B57: NetApp | C57: Software Engineer 3 | D57: 7 | E57: =IF(D57="","not stated",IF(D57<6,"<6",IF(D57<8,"6-7",IF(D57<11,"8-10","11+")))) -> 6-7 | F57: India | G57: 2025-08 | H57: =IF(LEFT(G57,4)="2026","2026","2024-25") -> 2024-25 | I57: LeetCode | J57: https://leetcode.com/discuss/post/7185262/#netapp | K57: =IF(ISNUMBER(L57),IF(L57>0,"Yes","No"),"Unclear") -> Yes | L57: 3 | M57: medium | N57: 0 | O57: 0 | P57: 0 | Q57: 0 | R57: 0 | S57: 0 | T57: 0 | U57: 2 | V57: 1 | W57: =IF(ISNUMBER(L57),L57+SUM(N57:V57),"") -> 6 | X57: N | Y57: 7185262 | Z57: Y | AA57: offer, declined | AB57: DSA questions mixed into technical rounds with Go, Kubernetes and Postgres questions
A58: 57 | B58: Money Forward | C58: Senior Fullstack Engineer | D58: 7 | E58: =IF(D58="","not stated",IF(D58<6,"<6",IF(D58<8,"6-7",IF(D58<11,"8-10","11+")))) -> 6-7 | F58: Chennai | G58: 2025-08 | H58: =IF(LEFT(G58,4)="2026","2026","2024-25") -> 2024-25 | I58: LeetCode | J58: https://leetcode.com/discuss/post/7185262/#moneyforward | K58: =IF(ISNUMBER(L58),IF(L58>0,"Yes","No"),"Unclear") -> Yes | L58: 1 | M58: easy | N58: 0 | O58: 0 | P58: 1 | Q58: 0 | R58: 0 | S58: 0 | T58: 0 | U58: 1 | V58: 1 | W58: =IF(ISNUMBER(L58),L58+SUM(N58:V58),"") -> 4 | X58: N | Y58: 7185262 | Z58: Y | AA58: on hold
A59: 58 | B59: JPMorgan Chase | C59: Senior SE | D59: 7 | E59: =IF(D59="","not stated",IF(D59<6,"<6",IF(D59<8,"6-7",IF(D59<11,"8-10","11+")))) -> 6-7 | F59: India (same post) | G59: 2025-08 | H59: =IF(LEFT(G59,4)="2026","2026","2024-25") -> 2024-25 | I59: LeetCode | J59: https://leetcode.com/discuss/post/7185262/#jpmc | K59: =IF(ISNUMBER(L59),IF(L59>0,"Yes","No"),"Unclear") -> Yes | L59: 1 | M59: easy | N59: 0 | O59: 0 | P59: 0 | Q59: 0 | R59: 0 | S59: 0 | T59: 0 | U59: 1 | V59: 0 | W59: =IF(ISNUMBER(L59),L59+SUM(N59:V59),"") -> 2 | X59: Y | Y59: 7185262 | Z59: Y | AA59: rejected
A60: 59 | B60: Intuit | C60: Senior SE | E60: =IF(D60="","not stated",IF(D60<6,"<6",IF(D60<8,"6-7",IF(D60<11,"8-10","11+")))) -> not stated | F60: Bengaluru | G60: 2025-08 | H60: =IF(LEFT(G60,4)="2026","2026","2024-25") -> 2024-25 | I60: Taro | J60: https://www.jointaro.com/interviews/companies/intuit/experiences/senior-software-engineer-bengaluru-august-12-2025-accepted-offer-positive-d72c7f65/ | K60: =IF(ISNUMBER(L60),IF(L60>0,"Yes","No"),"Unclear") -> Unclear | L60: unclear | M60: not stated | N60: 0 | O60: 0 | P60: 0 | Q60: 0 | R60: 0 | S60: 1 | T60: 0 | U60: 0 | V60: 1 | W60: =IF(ISNUMBER(L60),L60+SUM(N60:V60),"") | X60: N | Z60: Y | AA60: offer | AB60: screen could include DSA; craft round = take-home app + panel; one technical round DSA or LLD or HLD, not stated which
A61: 60 | B61: Intuit | C61: Senior SE | E61: =IF(D61="","not stated",IF(D61<6,"<6",IF(D61<8,"6-7",IF(D61<11,"8-10","11+")))) -> not stated | F61: Bengaluru | G61: 2025-08 | H61: =IF(LEFT(G61,4)="2026","2026","2024-25") -> 2024-25 | I61: Taro | J61: https://www.jointaro.com/interviews/companies/intuit/experiences/senior-software-engineer-bengaluru-august-1-2025-no-offer-negative-9449598a/ | K61: =IF(ISNUMBER(L61),IF(L61>0,"Yes","No"),"Unclear") -> No | L61: 0 | M61: n/a | N61: 1 | O61: 0 | P61: 1 | Q61: 0 | R61: 1 | S61: 0 | T61: 0 | U61: 0 | V61: 1 | W61: =IF(ISNUMBER(L61),L61+SUM(N61:V61),"") -> 4 | X61: N | Z61: Y | AA61: no offer | AB61: craft round: filtering logic for a REST API with tests in a provided Git repo (counted as practical coding); AI discussion round
A62: 61 | B62: Black Duck | C62: Senior SE | D62: 3 | E62: =IF(D62="","not stated",IF(D62<6,"<6",IF(D62<8,"6-7",IF(D62<11,"8-10","11+")))) -> <6 | F62: Bangalore | G62: 2025-08 | H62: =IF(LEFT(G62,4)="2026","2026","2024-25") -> 2024-25 | I62: LeetCode | J62: https://leetcode.com/discuss/post/7199425/ | K62: =IF(ISNUMBER(L62),IF(L62>0,"Yes","No"),"Unclear") -> Yes | L62: 4 | M62: mixed | N62: 0 | O62: 1 | P62: 1 | Q62: 0 | R62: 0 | S62: 1 | T62: 0 | U62: 1 | V62: 0 | W62: =IF(ISNUMBER(L62),L62+SUM(N62:V62),"") -> 8 | X62: N | Z62: Y | AA62: rejected
A63: 62 | B63: Aptiv (Wind River) | C63: Software Engineer | D63: 7 | E63: =IF(D63="","not stated",IF(D63<6,"<6",IF(D63<8,"6-7",IF(D63<11,"8-10","11+")))) -> 6-7 | F63: India (multi-company post, LPA) | G63: 2025-08 | H63: =IF(LEFT(G63,4)="2026","2026","2024-25") -> 2024-25 | I63: LeetCode | J63: https://leetcode.com/discuss/post/7185262/#aptiv | K63: =IF(ISNUMBER(L63),IF(L63>0,"Yes","No"),"Unclear") -> Yes | L63: 1 | M63: medium | N63: 0 | O63: 0 | P63: 0 | Q63: 0 | R63: 0 | S63: 1 | T63: 0 | U63: 1 | V63: 0 | W63: =IF(ISNUMBER(L63),L63+SUM(N63:V63),"") -> 3 | X63: N | Y63: 7185262 | Z63: Y | AA63: offer
A64: 63 | B64: Walmart | C64: Senior SE | D64: 7 | E64: =IF(D64="","not stated",IF(D64<6,"<6",IF(D64<8,"6-7",IF(D64<11,"8-10","11+")))) -> 6-7 | F64: India | G64: 2025-07 | H64: =IF(LEFT(G64,4)="2026","2026","2024-25") -> 2024-25 | I64: LeetCode | J64: https://leetcode.com/discuss/interview-experience/7008972/ | K64: =IF(ISNUMBER(L64),IF(L64>0,"Yes","No"),"Unclear") -> Yes | L64: 1 | M64: not stated | N64: 0 | O64: 1 | P64: 1 | Q64: 0 | R64: 0 | S64: 0 | T64: 0 | U64: 1 | V64: 0 | W64: =IF(ISNUMBER(L64),L64+SUM(N64:V64),"") -> 4 | X64: N | Z64: Y | AA64: not stated
A65: 64 | B65: Oracle OCI | C65: SMTS IC3 | E65: =IF(D65="","not stated",IF(D65<6,"<6",IF(D65<8,"6-7",IF(D65<11,"8-10","11+")))) -> not stated | F65: Bangalore | G65: 2025-07 | H65: =IF(LEFT(G65,4)="2026","2026","2024-25") -> 2024-25 | I65: LeetCode | J65: https://leetcode.com/discuss/interview-experience/6961982/ | K65: =IF(ISNUMBER(L65),IF(L65>0,"Yes","No"),"Unclear") -> Yes | L65: 4 | M65: medium | N65: 0 | O65: 1 | P65: 1 | Q65: 0 | R65: 0 | S65: 1 | T65: 0 | U65: 1 | V65: 1 | W65: =IF(ISNUMBER(L65),L65+SUM(N65:V65),"") -> 9 | X65: N | Z65: Y | AA65: selected
A66: 65 | B66: Oracle | C66: SMTS | E66: =IF(D66="","not stated",IF(D66<6,"<6",IF(D66<8,"6-7",IF(D66<11,"8-10","11+")))) -> not stated | F66: Bengaluru | G66: 2025-07 | H66: =IF(LEFT(G66,4)="2026","2026","2024-25") -> 2024-25 | I66: Glassdoor | J66: https://www.glassdoor.co.in/Interview/Oracle-Senior-Member-of-Technical-Staff-Interview-Questions-EI_IE1737.0,6_KO7,39.htm#2026-08-14 | K66: =IF(ISNUMBER(L66),IF(L66>0,"Yes","No"),"Unclear") -> Yes | L66: 2 | M66: medium | N66: 0 | O66: 0 | P66: 1 | Q66: 0 | R66: 1 | S66: 0 | T66: 0 | U66: 0 | V66: 2 | W66: =IF(ISNUMBER(L66),L66+SUM(N66:V66),"") -> 6 | X66: N | Z66: Y | AA66: offer | AB66: system design was an agentic orchestrator
A67: 66 | B67: Oracle | C67: Principal SE | E67: =IF(D67="","not stated",IF(D67<6,"<6",IF(D67<8,"6-7",IF(D67<11,"8-10","11+")))) -> not stated | F67: Bengaluru | G67: 2025-07 | H67: =IF(LEFT(G67,4)="2026","2026","2024-25") -> 2024-25 | I67: Taro | J67: https://www.jointaro.com/interviews/companies/oracle/experiences/principal-software-engineer-bengaluru-july-3-2025-accepted-offer-positive-6191d5b8/ | K67: =IF(ISNUMBER(L67),IF(L67>0,"Yes","No"),"Unclear") -> Unclear | L67: unclear | M67: not stated | N67: 0 | O67: 0 | P67: 0 | Q67: 0 | R67: 0 | S67: 1 | T67: 1 | U67: 1 | V67: 1 | W67: =IF(ISNUMBER(L67),L67+SUM(N67:V67),"") | X67: N | Z67: Y | AA67: offer | AB67: 2-3 technical rounds, content not stated; mentions concepts, project, code review
A68: 67 | B68: Freshworks | C68: SSE | D68: 3 | E68: =IF(D68="","not stated",IF(D68<6,"<6",IF(D68<8,"6-7",IF(D68<11,"8-10","11+")))) -> <6 | F68: Chennai | G68: 2025-07 | H68: =IF(LEFT(G68,4)="2026","2026","2024-25") -> 2024-25 | I68: LeetCode | J68: https://leetcode.com/discuss/interview-experience/7031783/ | K68: =IF(ISNUMBER(L68),IF(L68>0,"Yes","No"),"Unclear") -> Yes | L68: 4 | M68: medium | N68: 0 | O68: 1 | P68: 1 | Q68: 0 | R68: 0 | S68: 1 | T68: 0 | U68: 1 | V68: 0 | W68: =IF(ISNUMBER(L68),L68+SUM(N68:V68),"") -> 8 | X68: N | Z68: Y | AA68: selected
A69: 68 | B69: Walmart | C69: Senior SE | E69: =IF(D69="","not stated",IF(D69<6,"<6",IF(D69<8,"6-7",IF(D69<11,"8-10","11+")))) -> not stated | F69: Bengaluru | G69: 2025-06 | H69: =IF(LEFT(G69,4)="2026","2026","2024-25") -> 2024-25 | I69: Taro | J69: https://www.jointaro.com/interviews/companies/walmart/experiences/senior-software-engineer-bengaluru-june-26-2025-no-offer-positive-767ac34d/ | K69: =IF(ISNUMBER(L69),IF(L69>0,"Yes","No"),"Unclear") -> Yes | L69: 1 | M69: medium | N69: 0 | O69: 1 | P69: 0 | Q69: 0 | R69: 0 | S69: 1 | T69: 0 | U69: 0 | V69: 0 | W69: =IF(ISNUMBER(L69),L69+SUM(N69:V69),"") -> 3 | X69: N | Z69: Y | AA69: no offer | AB69: valid parentheses with * wildcard; decode ways; LLD notification system
A70: 69 | B70: Visa | C70: Senior SE | E70: =IF(D70="","not stated",IF(D70<6,"<6",IF(D70<8,"6-7",IF(D70<11,"8-10","11+")))) -> not stated | F70: Bengaluru | G70: 2025-06 | H70: =IF(LEFT(G70,4)="2026","2026","2024-25") -> 2024-25 | I70: Taro | J70: https://www.jointaro.com/interviews/companies/visa/experiences/senior-software-engineer-bengaluru-june-10-2025-no-offer-neutral-83a41939/ | K70: =IF(ISNUMBER(L70),IF(L70>0,"Yes","No"),"Unclear") -> Yes | L70: 1 | M70: not stated | N70: 0 | O70: 0 | P70: 1 | Q70: 0 | R70: 0 | S70: 0 | T70: 0 | U70: 1 | V70: 0 | W70: =IF(ISNUMBER(L70),L70+SUM(N70:V70),"") -> 3 | X70: N | Z70: Y | AA70: no offer | AB70: 2Sum/3Sum/KSum variations; networking + DB + API design; merchant transaction design
A71: 70 | B71: Visa | C71: Senior SE | E71: =IF(D71="","not stated",IF(D71<6,"<6",IF(D71<8,"6-7",IF(D71<11,"8-10","11+")))) -> not stated | F71: Bengaluru | G71: 2025-06 | H71: =IF(LEFT(G71,4)="2026","2026","2024-25") -> 2024-25 | I71: Taro | J71: https://www.jointaro.com/interviews/companies/visa/experiences/senior-software-engineer-bengaluru-june-1-2025-no-offer-positive-b0e9c5ca/ | K71: =IF(ISNUMBER(L71),IF(L71>0,"Yes","No"),"Unclear") -> Yes | L71: 1 | M71: mixed | N71: 0 | O71: 0 | P71: 0 | Q71: 0 | R71: 0 | S71: 0 | T71: 0 | U71: 0 | V71: 0 | W71: =IF(ISNUMBER(L71),L71+SUM(N71:V71),"") -> 1 | X71: Y | Z71: Y | AA71: no offer | AB71: OA only: 4 DSA questions in 70 min, easy to hard
A72: 71 | B72: Reltio | C72: Staff Engineer | E72: =IF(D72="","not stated",IF(D72<6,"<6",IF(D72<8,"6-7",IF(D72<11,"8-10","11+")))) -> not stated | F72: India | G72: 2025-06 | H72: =IF(LEFT(G72,4)="2026","2026","2024-25") -> 2024-25 | I72: LeetCode | J72: https://leetcode.com/discuss/post/7248055/ | K72: =IF(ISNUMBER(L72),IF(L72>0,"Yes","No"),"Unclear") -> Yes | L72: 3 | M72: mixed | N72: 0 | O72: 0 | P72: 0 | Q72: 0 | R72: 0 | S72: 1 | T72: 1 | U72: 1 | V72: 1 | W72: =IF(ISNUMBER(L72),L72+SUM(N72:V72),"") -> 7 | X72: N | Z72: Y | AA72: not stated
A73: 72 | B73: Atlassian | C73: Senior SE P50 | D73: 11 | E73: =IF(D73="","not stated",IF(D73<6,"<6",IF(D73<8,"6-7",IF(D73<11,"8-10","11+")))) -> 11+ | F73: India (LPA in companion post 6938751) | G73: 2025-06 | H73: =IF(LEFT(G73,4)="2026","2026","2024-25") -> 2024-25 | I73: LeetCode | J73: https://leetcode.com/discuss/post/6938816/atlassian-senior-software-engineer-p50-o-4hf6/ | K73: =IF(ISNUMBER(L73),IF(L73>0,"Yes","No"),"Unclear") -> Yes | L73: 2 | M73: medium | N73: 0 | O73: 1 | P73: 1 | Q73: 0 | R73: 0 | S73: 1 | T73: 0 | U73: 0 | V73: 1 | W73: =IF(ISNUMBER(L73),L73+SUM(N73:V73),"") -> 6 | X73: N | Z73: Y | AA73: offer | AB73: same author as comp post 6938751 (11+ yrs, LPA), posted minutes apart
A74: 73 | B74: Uber | C74: L5A Senior SE | E74: =IF(D74="","not stated",IF(D74<6,"<6",IF(D74<8,"6-7",IF(D74<11,"8-10","11+")))) -> not stated | F74: India | G74: 2025-05 | H74: =IF(LEFT(G74,4)="2026","2026","2024-25") -> 2024-25 | I74: LeetCode | J74: https://leetcode.com/discuss/interview-experience/7043175/ | K74: =IF(ISNUMBER(L74),IF(L74>0,"Yes","No"),"Unclear") -> Yes | L74: 2 | M74: mixed | N74: 1 | O74: 0 | P74: 1 | Q74: 0 | R74: 0 | S74: 1 | T74: 0 | U74: 0 | V74: 0 | W74: =IF(ISNUMBER(L74),L74+SUM(N74:V74),"") -> 5 | X74: N | Z74: Y | AA74: offer
A75: 74 | B75: ServiceNow | C75: Senior SE IC3 | D75: 5.6 | E75: =IF(D75="","not stated",IF(D75<6,"<6",IF(D75<8,"6-7",IF(D75<11,"8-10","11+")))) -> <6 | F75: Hyderabad | G75: 2025-05 | H75: =IF(LEFT(G75,4)="2026","2026","2024-25") -> 2024-25 | I75: LeetCode | J75: https://leetcode.com/discuss/post/6683950/ | K75: =IF(ISNUMBER(L75),IF(L75>0,"Yes","No"),"Unclear") -> Yes | L75: 3 | M75: medium | N75: 0 | O75: 1 | P75: 2 | Q75: 0 | R75: 0 | S75: 0 | T75: 0 | U75: 1 | V75: 2 | W75: =IF(ISNUMBER(L75),L75+SUM(N75:V75),"") -> 9 | X75: N | Z75: Y | AA75: offer
A76: 75 | B76: Oracle | C76: Senior SE | E76: =IF(D76="","not stated",IF(D76<6,"<6",IF(D76<8,"6-7",IF(D76<11,"8-10","11+")))) -> not stated | F76: Bengaluru | G76: 2025-05 | H76: =IF(LEFT(G76,4)="2026","2026","2024-25") -> 2024-25 | I76: Taro | J76: https://www.jointaro.com/interviews/companies/oracle/experiences/senior-software-engineer-bengaluru-may-1-2025-no-offer-negative-d0dd289f/ | K76: =IF(ISNUMBER(L76),IF(L76>0,"Yes","No"),"Unclear") -> Yes | L76: 4 | M76: hard | N76: 0 | O76: 0 | P76: 1 | Q76: 0 | R76: 0 | S76: 0 | T76: 0 | U76: 0 | V76: 0 | W76: =IF(ISNUMBER(L76),L76+SUM(N76:V76),"") -> 5 | X76: N | Z76: Y | AA76: no offer | AB76: topics: LRU cache, stacks, tree traversals; candidate called them tough
A77: 76 | B77: Google | C77: Senior SE | E77: =IF(D77="","not stated",IF(D77<6,"<6",IF(D77<8,"6-7",IF(D77<11,"8-10","11+")))) -> not stated | F77: Bengaluru | G77: 2025-05 | H77: =IF(LEFT(G77,4)="2026","2026","2024-25") -> 2024-25 | I77: Taro | J77: https://www.jointaro.com/interviews/companies/google/experiences/senior-software-engineer-bengaluru-may-21-2025-no-offer-neutral-c1ec91f1/ | K77: =IF(ISNUMBER(L77),IF(L77>0,"Yes","No"),"Unclear") -> Yes | L77: 1 | M77: hard | N77: 0 | O77: 0 | P77: 1 | Q77: 0 | R77: 0 | S77: 0 | T77: 0 | U77: 0 | V77: 0 | W77: =IF(ISNUMBER(L77),L77+SUM(N77:V77),"") -> 2 | X77: N | Z77: Y | AA77: no offer | AB77: DSA round count not stated; reviewer called difficulty very high
A78: 77 | B78: Deliveroo | C78: L6 Staff Engineer | D78: 11.5 | E78: =IF(D78="","not stated",IF(D78<6,"<6",IF(D78<8,"6-7",IF(D78<11,"8-10","11+")))) -> 11+ | F78: India | G78: 2025-05 | H78: =IF(LEFT(G78,4)="2026","2026","2024-25") -> 2024-25 | I78: LeetCode | J78: https://leetcode.com/discuss/post/6857757/deliveroo-interview-experience-l6-staff-wmn08/ | K78: =IF(ISNUMBER(L78),IF(L78>0,"Yes","No"),"Unclear") -> Yes | L78: 2 | M78: medium | N78: 0 | O78: 0 | P78: 1 | Q78: 0 | R78: 1 | S78: 0 | T78: 0 | U78: 0 | V78: 2 | W78: =IF(ISNUMBER(L78),L78+SUM(N78:V78),"") -> 6 | X78: N | Z78: Y | AA78: offer declined | AB78: OA had practical coding (rate limiter, REST API); DSA round was a design-a-data-structure problem (session auth, like LC 1797); VP asked about using AI to boost team productivity
A79: 78 | B79: Walmart | C79: Senior SE | E79: =IF(D79="","not stated",IF(D79<6,"<6",IF(D79<8,"6-7",IF(D79<11,"8-10","11+")))) -> not stated | F79: Bengaluru | G79: 2025-04 | H79: =IF(LEFT(G79,4)="2026","2026","2024-25") -> 2024-25 | I79: Taro | J79: https://www.jointaro.com/interviews/companies/walmart/experiences/senior-software-engineer-bengaluru-april-21-2025-accepted-offer-positive-8d556041/ | K79: =IF(ISNUMBER(L79),IF(L79>0,"Yes","No"),"Unclear") -> Yes | L79: 1 | M79: not stated | N79: 0 | O79: 0 | P79: 0 | Q79: 0 | R79: 0 | S79: 0 | T79: 0 | U79: 0 | V79: 2 | W79: =IF(ISNUMBER(L79),L79+SUM(N79:V79),"") -> 3 | X79: N | Z79: Y | AA79: offer | AB79: reverse linked list, LRU cache, sliding window; then behavioral and leadership rounds
A80: 79 | B80: Uber | C80: L5A | D80: 4.75 | E80: =IF(D80="","not stated",IF(D80<6,"<6",IF(D80<8,"6-7",IF(D80<11,"8-10","11+")))) -> <6 | F80: India | G80: 2025-04 | H80: =IF(LEFT(G80,4)="2026","2026","2024-25") -> 2024-25 | I80: LeetCode | J80: https://leetcode.com/discuss/post/6840488/#uber | K80: =IF(ISNUMBER(L80),IF(L80>0,"Yes","No"),"Unclear") -> Yes | L80: 3 | M80: medium | N80: 0 | O80: 0 | P80: 1 | Q80: 0 | R80: 0 | S80: 1 | T80: 0 | U80: 0 | V80: 0 | W80: =IF(ISNUMBER(L80),L80+SUM(N80:V80),"") -> 5 | X80: N | Y80: 6840488 | Z80: Y | AA80: rejected
A81: 80 | B81: Salesforce | C81: Lead SE | E81: =IF(D81="","not stated",IF(D81<6,"<6",IF(D81<8,"6-7",IF(D81<11,"8-10","11+")))) -> not stated | F81: Hyderabad | G81: 2025-04 | H81: =IF(LEFT(G81,4)="2026","2026","2024-25") -> 2024-25 | I81: Glassdoor | J81: https://www.glassdoor.co.in/Interview/Salesforce-Lead-Software-Engineer-Interview-Questions-EI_IE11159.0,10_KO11,33.htm#2025-05-20 | K81: =IF(ISNUMBER(L81),IF(L81>0,"Yes","No"),"Unclear") -> Yes | L81: 1 | M81: mixed | N81: 0 | O81: 1 | P81: 1 | Q81: 0 | R81: 0 | S81: 0 | T81: 1 | U81: 0 | V81: 0 | W81: =IF(ISNUMBER(L81),L81+SUM(N81:V81),"") -> 4 | X81: N | Z81: Y | AA81: no offer | AB81: review date May 2025, interview month not stated
A82: 81 | B82: Postman | C82: Senior Engineer | D82: 9 | E82: =IF(D82="","not stated",IF(D82<6,"<6",IF(D82<8,"6-7",IF(D82<11,"8-10","11+")))) -> 8-10 | F82: India (poster at an India-based company; Postman eng in Bangalore) | G82: 2025-04 | H82: =IF(LEFT(G82,4)="2026","2026","2024-25") -> 2024-25 | I82: LeetCode | J82: https://leetcode.com/discuss/post/6747306/ | K82: =IF(ISNUMBER(L82),IF(L82>0,"Yes","No"),"Unclear") -> No | L82: 0 | M82: n/a | N82: 1 | O82: 0 | P82: 2 | Q82: 0 | R82: 0 | S82: 1 | T82: 0 | U82: 0 | V82: 2 | W82: =IF(ISNUMBER(L82),L82+SUM(N82:V82),"") -> 6 | X82: N | Z82: Y | AA82: rejected (product experience)
A83: 82 | B83: Oracle OCI | C83: IC3 | D83: 4 | E83: =IF(D83="","not stated",IF(D83<6,"<6",IF(D83<8,"6-7",IF(D83<11,"8-10","11+")))) -> <6 | F83: Bangalore | G83: 2025-04 | H83: =IF(LEFT(G83,4)="2026","2026","2024-25") -> 2024-25 | I83: LeetCode | J83: https://leetcode.com/discuss/post/6651621/ | K83: =IF(ISNUMBER(L83),IF(L83>0,"Yes","No"),"Unclear") -> Yes | L83: 3 | M83: medium | N83: 0 | O83: 1 | P83: 0 | Q83: 0 | R83: 0 | S83: 1 | T83: 0 | U83: 1 | V83: 0 | W83: =IF(ISNUMBER(L83),L83+SUM(N83:V83),"") -> 6 | X83: Y | Z83: Y | AA83: withdrew
A84: 83 | B84: Coupang | C84: L5 | D84: 4.75 | E84: =IF(D84="","not stated",IF(D84<6,"<6",IF(D84<8,"6-7",IF(D84<11,"8-10","11+")))) -> <6 | F84: India | G84: 2025-04 | H84: =IF(LEFT(G84,4)="2026","2026","2024-25") -> 2024-25 | I84: LeetCode | J84: https://leetcode.com/discuss/post/6840488/#coupang | K84: =IF(ISNUMBER(L84),IF(L84>0,"Yes","No"),"Unclear") -> Yes | L84: 1 | M84: medium | N84: 0 | O84: 1 | P84: 1 | Q84: 0 | R84: 0 | S84: 1 | T84: 0 | U84: 0 | V84: 1 | W84: =IF(ISNUMBER(L84),L84+SUM(N84:V84),"") -> 5 | X84: N | Y84: 6840488 | Z84: Y | AA84: ghosted
A85: 84 | B85: Confluent | C85: SSE | D85: 1.5 | E85: =IF(D85="","not stated",IF(D85<6,"<6",IF(D85<8,"6-7",IF(D85<11,"8-10","11+")))) -> <6 | F85: India | G85: 2025-04 | H85: =IF(LEFT(G85,4)="2026","2026","2024-25") -> 2024-25 | I85: LeetCode | J85: https://leetcode.com/discuss/post/6974811/ | K85: =IF(ISNUMBER(L85),IF(L85>0,"Yes","No"),"Unclear") -> Yes | L85: 3 | M85: not stated | N85: 0 | O85: 0 | P85: 0 | Q85: 0 | R85: 0 | S85: 0 | T85: 0 | U85: 0 | V85: 1 | W85: =IF(ISNUMBER(L85),L85+SUM(N85:V85),"") -> 4 | X85: N | Z85: Y | AA85: offer on hold
A86: 85 | B86: Visa | C86: Senior SE | E86: =IF(D86="","not stated",IF(D86<6,"<6",IF(D86<8,"6-7",IF(D86<11,"8-10","11+")))) -> not stated | F86: Bengaluru | G86: 2025-03 | H86: =IF(LEFT(G86,4)="2026","2026","2024-25") -> 2024-25 | I86: Taro | J86: https://www.jointaro.com/interviews/companies/visa/experiences/senior-software-engineer-bengaluru-march-5-2025-accepted-offer-positive-c0b64347/ | K86: =IF(ISNUMBER(L86),IF(L86>0,"Yes","No"),"Unclear") -> Yes | L86: 1 | M86: not stated | N86: 0 | O86: 0 | P86: 0 | Q86: 0 | R86: 0 | S86: 1 | T86: 0 | U86: 0 | V86: 0 | W86: =IF(ISNUMBER(L86),L86+SUM(N86:V86),"") -> 2 | X86: N | Z86: Y | AA86: offer | AB86: 3-4 rounds, mostly technical; DSA and project questions, split per round not stated
A87: 86 | B87: Oracle | C87: SMTS | E87: =IF(D87="","not stated",IF(D87<6,"<6",IF(D87<8,"6-7",IF(D87<11,"8-10","11+")))) -> not stated | F87: Bengaluru | G87: 2025-03 | H87: =IF(LEFT(G87,4)="2026","2026","2024-25") -> 2024-25 | I87: Glassdoor | J87: https://www.glassdoor.co.in/Interview/Oracle-Senior-Member-of-Technical-Staff-Interview-Questions-EI_IE1737.0,6_KO7,39.htm#2026-08-28 | K87: =IF(ISNUMBER(L87),IF(L87>0,"Yes","No"),"Unclear") -> Yes | L87: 1 | M87: medium | N87: 0 | O87: 1 | P87: 0 | Q87: 0 | R87: 0 | S87: 0 | T87: 0 | U87: 0 | V87: 1 | W87: =IF(ISNUMBER(L87),L87+SUM(N87:V87),"") -> 3 | X87: N | Z87: Y | AA87: offer
A88: 87 | B88: Oracle | C88: Senior SE | E88: =IF(D88="","not stated",IF(D88<6,"<6",IF(D88<8,"6-7",IF(D88<11,"8-10","11+")))) -> not stated | F88: Bengaluru | G88: 2025-03 | H88: =IF(LEFT(G88,4)="2026","2026","2024-25") -> 2024-25 | I88: Taro | J88: https://www.jointaro.com/interviews/companies/oracle/experiences/senior-software-engineer-bengaluru-march-1-2025-no-offer-negative-434d05e0/ | K88: =IF(ISNUMBER(L88),IF(L88>0,"Yes","No"),"Unclear") -> Yes | L88: 3 | M88: medium | N88: 0 | O88: 0 | P88: 1 | Q88: 0 | R88: 0 | S88: 0 | T88: 0 | U88: 0 | V88: 0 | W88: =IF(ISNUMBER(L88),L88+SUM(N88:V88),"") -> 4 | X88: N | Z88: Y | AA88: no offer
A89: 88 | B89: Target | C89: L5 | E89: =IF(D89="","not stated",IF(D89<6,"<6",IF(D89<8,"6-7",IF(D89<11,"8-10","11+")))) -> not stated | F89: Bengaluru | G89: 2025-02 | H89: =IF(LEFT(G89,4)="2026","2026","2024-25") -> 2024-25 | I89: LeetCode | J89: https://leetcode.com/discuss/interview-experience/6420594/Target-or-L5-or-Bengaluru-0ffer-Feb-13 | K89: =IF(ISNUMBER(L89),IF(L89>0,"Yes","No"),"Unclear") -> No | L89: 0 | M89: n/a | N89: 0 | O89: 0 | P89: 2 | Q89: 0 | R89: 0 | S89: 1 | T89: 1 | U89: 1 | V89: 1 | W89: =IF(ISNUMBER(L89),L89+SUM(N89:V89),"") -> 6 | X89: N | Z89: Y | AA89: hire
A90: 89 | B90: IBM | C90: Senior SE | E90: =IF(D90="","not stated",IF(D90<6,"<6",IF(D90<8,"6-7",IF(D90<11,"8-10","11+")))) -> not stated | F90: Bengaluru | G90: 2025-02 | H90: =IF(LEFT(G90,4)="2026","2026","2024-25") -> 2024-25 | I90: Taro | J90: https://www.jointaro.com/interviews/companies/ibm/experiences/senior-software-engineer-bengaluru-february-21-2025-accepted-offer-positive-2c8f1d49/ | K90: =IF(ISNUMBER(L90),IF(L90>0,"Yes","No"),"Unclear") -> Unclear | L90: unclear | M90: mixed | N90: 0 | O90: 0 | P90: 0 | Q90: 0 | R90: 0 | S90: 1 | T90: 0 | U90: 0 | V90: 1 | W90: =IF(ISNUMBER(L90),L90+SUM(N90:V90),"") | X90: N | Z90: Y | AA90: offer | AB90: two 1-hour coding rounds (easy, medium) described as programming-based, not clearly DSA
A91: 90 | B91: Google | C91: Senior SE | E91: =IF(D91="","not stated",IF(D91<6,"<6",IF(D91<8,"6-7",IF(D91<11,"8-10","11+")))) -> not stated | F91: Bengaluru | G91: 2025-02 | H91: =IF(LEFT(G91,4)="2026","2026","2024-25") -> 2024-25 | I91: Taro | J91: https://www.jointaro.com/interviews/companies/google/experiences/senior-software-engineer-bengaluru-february-1-2025-no-offer-positive-db445722/ | K91: =IF(ISNUMBER(L91),IF(L91>0,"Yes","No"),"Unclear") -> Yes | L91: 1 | M91: hard | N91: 0 | O91: 0 | P91: 0 | Q91: 0 | R91: 0 | S91: 0 | T91: 0 | U91: 0 | V91: 0 | W91: =IF(ISNUMBER(L91),L91+SUM(N91:V91),"") -> 1 | X91: Y | Z91: Y | AA91: no offer | AB91: phone screen hard DSA; scenario problem with priority queue and classes
A92: 91 | B92: Amazon | C92: Senior SE (as listed) | E92: =IF(D92="","not stated",IF(D92<6,"<6",IF(D92<8,"6-7",IF(D92<11,"8-10","11+")))) -> not stated | F92: Bengaluru | G92: 2025-02 | H92: =IF(LEFT(G92,4)="2026","2026","2024-25") -> 2024-25 | I92: Taro | J92: https://www.jointaro.com/interviews/companies/amazon/experiences/senior-software-engineer-bengaluru-february-1-2025-declined-offer-positive-bb35ad30/ | K92: =IF(ISNUMBER(L92),IF(L92>0,"Yes","No"),"Unclear") -> Yes | L92: 2 | M92: not stated | N92: 0 | O92: 1 | P92: 1 | Q92: 0 | R92: 0 | S92: 0 | T92: 0 | U92: 0 | V92: 0 | W92: =IF(ISNUMBER(L92),L92+SUM(N92:V92),"") -> 4 | X92: N | Z92: Y | AA92: offer (declined) | AB92: LLD: pizza cost
A93: 92 | B93: Walmart | C93: SDE III | D93: 2.7 | E93: =IF(D93="","not stated",IF(D93<6,"<6",IF(D93<8,"6-7",IF(D93<11,"8-10","11+")))) -> <6 | F93: Bangalore | G93: 2025-01 | H93: =IF(LEFT(G93,4)="2026","2026","2024-25") -> 2024-25 | I93: LeetCode | J93: https://leetcode.com/discuss/interview-experience/6467386/WalMart-SDE-III-or-Bangalore/ | K93: =IF(ISNUMBER(L93),IF(L93>0,"Yes","No"),"Unclear") -> Yes | L93: 1 | M93: mixed | N93: 0 | O93: 0 | P93: 0 | Q93: 0 | R93: 0 | S93: 1 | T93: 0 | U93: 1 | V93: 1 | W93: =IF(ISNUMBER(L93),L93+SUM(N93:V93),"") -> 4 | X93: N | Z93: Y | AA93: selected
A94: 93 | B94: Walmart | C94: Senior SE | E94: =IF(D94="","not stated",IF(D94<6,"<6",IF(D94<8,"6-7",IF(D94<11,"8-10","11+")))) -> not stated | F94: Bengaluru | G94: 2025-01 | H94: =IF(LEFT(G94,4)="2026","2026","2024-25") -> 2024-25 | I94: Taro | J94: https://www.jointaro.com/interviews/companies/walmart/experiences/senior-software-engineer-bengaluru-january-1-2025-declined-offer-negative-1a3813e1/ | K94: =IF(ISNUMBER(L94),IF(L94>0,"Yes","No"),"Unclear") -> Yes | L94: 1 | M94: not stated | N94: 0 | O94: 1 | P94: 1 | Q94: 0 | R94: 0 | S94: 0 | T94: 0 | U94: 0 | V94: 1 | W94: =IF(ISNUMBER(L94),L94+SUM(N94:V94),"") -> 4 | X94: N | Z94: Y | AA94: offer (declined)
A95: 94 | B95: Visa | C95: Senior SE | E95: =IF(D95="","not stated",IF(D95<6,"<6",IF(D95<8,"6-7",IF(D95<11,"8-10","11+")))) -> not stated | F95: Bangalore | G95: 2025-01 | H95: =IF(LEFT(G95,4)="2026","2026","2024-25") -> 2024-25 | I95: LeetCode | J95: https://leetcode.com/discuss/post/6303697/VISA-or-Senior-Software-Engineer-(Sr.-SW-Engineer)-or-Bangalore-or-Jan-2025-Reject/ | K95: =IF(ISNUMBER(L95),IF(L95>0,"Yes","No"),"Unclear") -> Yes | L95: 1 | M95: medium | N95: 0 | O95: 1 | P95: 0 | Q95: 0 | R95: 0 | S95: 1 | T95: 0 | U95: 1 | V95: 0 | W95: =IF(ISNUMBER(L95),L95+SUM(N95:V95),"") -> 4 | X95: Y | Z95: Y | AA95: rejected after round 1
A96: 95 | B96: Salesforce (post says IC3 at OCI) | C96: SMTS | D96: 6.5 | E96: =IF(D96="","not stated",IF(D96<6,"<6",IF(D96<8,"6-7",IF(D96<11,"8-10","11+")))) -> 6-7 | F96: Bangalore | G96: 2025-01 | H96: =IF(LEFT(G96,4)="2026","2026","2024-25") -> 2024-25 | I96: LeetCode | J96: https://leetcode.com/discuss/interview-experience/6321318/Salesforce-or-SMTS-or-Awaited/ | K96: =IF(ISNUMBER(L96),IF(L96>0,"Yes","No"),"Unclear") -> Yes | L96: 1 | M96: medium | N96: 0 | O96: 1 | P96: 1 | Q96: 0 | R96: 0 | S96: 1 | T96: 0 | U96: 0 | V96: 1 | W96: =IF(ISNUMBER(L96),L96+SUM(N96:V96),"") -> 5 | X96: N | Z96: Y | AA96: offer
A97: 96 | B97: Uber | C97: L5A Senior SE | D97: 7 | E97: =IF(D97="","not stated",IF(D97<6,"<6",IF(D97<8,"6-7",IF(D97<11,"8-10","11+")))) -> 6-7 | F97: Bangalore | G97: 2025 | H97: =IF(LEFT(G97,4)="2026","2026","2024-25") -> 2024-25 | I97: LeetCode | J97: https://leetcode.com/discuss/post/7292727/interview-experience-for-uber-l5a-by-ano-r4kt/ | K97: =IF(ISNUMBER(L97),IF(L97>0,"Yes","No"),"Unclear") -> Yes | L97: 2 | M97: not stated | N97: 0 | O97: 1 | P97: 1 | Q97: 0 | R97: 0 | S97: 1 | T97: 0 | U97: 0 | V97: 1 | W97: =IF(ISNUMBER(L97),L97+SUM(N97:V97),"") -> 6 | X97: N | Z97: Y | AA97: offer
A98: 97 | B98: JPMorgan Chase | C98: SDE-3 | D98: 4.5 | E98: =IF(D98="","not stated",IF(D98<6,"<6",IF(D98<8,"6-7",IF(D98<11,"8-10","11+")))) -> <6 | F98: Bangalore | G98: 2025 | H98: =IF(LEFT(G98,4)="2026","2026","2024-25") -> 2024-25 | I98: LeetCode | J98: https://leetcode.com/discuss/post/7359766/jpmorgan-chase-sde-3-java-full-stack-dev-rxak/ | K98: =IF(ISNUMBER(L98),IF(L98>0,"Yes","No"),"Unclear") -> Yes | L98: 1 | M98: medium | N98: 0 | O98: 0 | P98: 1 | Q98: 0 | R98: 0 | S98: 1 | T98: 1 | U98: 1 | V98: 1 | W98: =IF(ISNUMBER(L98),L98+SUM(N98:V98),"") -> 6 | X98: N | Z98: Y | AA98: downlevel offer declined
A99: 98 | B99: JPMorgan Chase | C99: SDE3 | D99: 5.2 | E99: =IF(D99="","not stated",IF(D99<6,"<6",IF(D99<8,"6-7",IF(D99<11,"8-10","11+")))) -> <6 | F99: Bengaluru | G99: 2025 | H99: =IF(LEFT(G99,4)="2026","2026","2024-25") -> 2024-25 | I99: LeetCode | J99: https://leetcode.com/discuss/post/7124593/ | K99: =IF(ISNUMBER(L99),IF(L99>0,"Yes","No"),"Unclear") -> Yes | L99: 2 | M99: medium | N99: 0 | O99: 0 | P99: 1 | Q99: 0 | R99: 0 | S99: 1 | T99: 1 | U99: 0 | V99: 1 | W99: =IF(ISNUMBER(L99),L99+SUM(N99:V99),"") -> 6 | X99: N | Z99: Y | AA99: selected
A100: 99 | B100: Intuit | C100: Senior SE | E100: =IF(D100="","not stated",IF(D100<6,"<6",IF(D100<8,"6-7",IF(D100<11,"8-10","11+")))) -> not stated | F100: Bengaluru | G100: 2025 | H100: =IF(LEFT(G100,4)="2026","2026","2024-25") -> 2024-25 | I100: LeetCode | J100: https://leetcode.com/discuss/post/7171528/intuit-interview-expereince-senior-softw-bd8i/ | K100: =IF(ISNUMBER(L100),IF(L100>0,"Yes","No"),"Unclear") -> Yes | L100: 2 | M100: medium | N100: 1 | O100: 1 | P100: 1 | Q100: 1 | R100: 1 | S100: 1 | T100: 0 | U100: 0 | V100: 1 | W100: =IF(ISNUMBER(L100),L100+SUM(N100:V100),"") -> 9 | X100: N | Z100: Y | AA100: not stated
...

Sheet Method
A1: How this was built
A3: Question | B3: Om (12 yrs, backend/platform, India) asked: at my level, in the last 2 years, how many real interview loops include DSA? Need 100+ rows, each with a link.
A4: Window | B4: Interview or post date Oct 2024 to Oct 2026.
A5: Kept | B5: India location or an India-only employer (city, LPA/INR, Indian company); senior title (Senior/SDE3/Lead/Staff/Principal/SMTS/LMTS/IC3+) or 6+ yrs; software engineering role (not QA, support, desktop C++); at least one round described.
A6: Partial loops | B6: Candidate stopped early. Kept only when DSA was seen, because a stopped loop cannot show that DSA was absent. So partial loops are 100% DSA by rule. Use the "Complete loops" line as the honest number.
A7: Dedupe | B7: One author posting several companies = separate loops (tagged in "Same-author tag"). Same author + same company twice = counted once. Glassdoor and Taro mirror each other; one known mirror was dropped.
A8: Excluded | B8: See the Excluded sheet: every rejected link with its reason (below level, outside India, no rounds, before Oct 2024, deleted, etc.). Microsoft was left out as in the earlier quick study.
A9: DSA asked? | B9: Yes = at least one round (online test or live) asked a LeetCode-style algorithm or data-structure problem. A practical build task (machine coding, LLD with code, REST API in a repo) is NOT counted as DSA. Unclear = a round said only "technical" with no content.
A10: Date | B10: Month from the post title or text when given; else the post date; for undated LeetCode posts, estimated from the post number (used only to check the window).
A11: Sources | B11: LeetCode Discuss (most rows), Taro (jointaro.com interview pages), Glassdoor single reviews. Each row links to its source.
A12: Spot-check | B12: 8 random rows re-read against the source on 2026-10-14 with a neutral prompt: DSA yes/no matched 8 of 8. Round counts matched; 2 dates are post-number estimates, 1 India signal is employer-based.
A13: Limits | B13: Self-reported posts. People who write on LeetCode may be more DSA-focused; the Taro + Glassdoor line is the check on that. Only 13 rows state 8+ yrs, so the 8+ share has a wide error range. YoE is missing in about half the rows.

Sheet Excluded
A1: # | B1: Link | C1: Reason
A2: 1 | B2: https://leetcode.com/discuss/post/8293408/ | C2: location not stated (Atlassian P50)
A3: 2 | B3: https://leetcode.com/discuss/interview-experience/6489221/ | C3: location not stated (Nutanix MTS-4)
A4: 3 | B4: https://leetcode.com/discuss/post/7725248/ | C4: location not stated (eBay SDE-3)
A5: 4 | B5: https://leetcode.com/discuss/post/8546012/ | C5: location not stated (HackerRank senior backend, AI-assisted coding round)
A6: 5 | B6: https://leetcode.com/discuss/post/8569781/ | C6: below level, MTS 3.3 yrs (Adobe)
A7: 6 | B7: https://leetcode.com/discuss/post/7947916/ | C7: below level (Rubrik 2.5 yrs)
A8: 7 | B8: https://leetcode.com/discuss/post/8524180/ | C8: below level SDE2 targets
A9: 8 | B9: https://leetcode.com/discuss/post/6774570/ | C9: location not stated (Cohesity MTS-3, 2 yrs)
A10: 9 | B10: https://leetcode.com/discuss/post/8509983/ | C10: below level (Uber SDE II)
A11: 10 | B11: https://leetcode.com/discuss/post/7614788/ | C11: below level (Databricks SDE-II)
A12: 11 | B12: https://leetcode.com/discuss/post/6954860/ | C12: below level (Target SE 2 yrs)
A13: 12 | B13: https://leetcode.com/discuss/post/8076680/ | C13: no rounds (Okta comp post)
... A135: 134 | B135: https://www.glassdoor.co.in/Interview/Walmart-Interview-E715-RVW96816608.htm | C135: same review as Taro Walmart SSE Apr 21 2025 row (Taro mirrors it)
